customer_id,churned
1,No
2,No
3,No
4,Yes
5,Yes
6,No
7,No
8,No
9,No
10,No
11,No
12,No
13,No
14,No
15,No
16,Yes
17,No
18,No
19,No
20,Yes
21,Yes
22,No
23,No
24,No
25,No
26,Yes
27,No
28,No
29,No
30,Yes
31,No
32,No
33,No
34,No
35,No
36,No
37,No
38,No
39,No
40,No
41,No
42,No
43,No
44,Yes
45,No
46,Yes
47,No
48,Yes
49,Yes
50,No
51,No
52,No
53,Yes
54,No
55,No
56,No
57,No
58,Yes
59,No
60,No
61,No
62,No
63,No
64,No
65,No
66,No
67,No
68,No
69,No
70,Yes
71,No
72,No
73,No
74,No
75,No
76,No
77,No
78,Yes
79,Yes
80,No
81,No
82,No
83,No
84,No
85,No
86,No
87,No
88,Yes
89,No
90,No
91,No
92,No
93,No
94,Yes
95,No
96,Yes
97,No
98,No
99,No
100,No
101,No
102,No
103,Yes
104,Yes
105,No
106,No
107,No
108,No
109,No
110,No
111,No
112,No
113,No
114,No
115,Yes
116,No
117,Yes
118,Yes
119,Yes
120,No
121,No
122,No
123,Yes
124,Yes
125,Yes
126,Yes
127,No
128,No
129,No
130,No
131,No
132,No
133,No
134,Yes
135,Yes
136,No
137,Yes
138,No
139,Yes
140,Yes
141,Yes
142,No
143,No
144,Yes
145,No
146,No
147,No
148,No
149,No
150,Yes
151,No
152,No
153,No
154,Yes
155,No
156,No
157,No
158,No
159,No
160,No
161,Yes
162,Yes
163,No
164,No
165,Yes
166,No
167,Yes
168,No
169,No
170,Yes
171,No
172,Yes
173,No
174,No
175,Yes
176,No
177,No
178,Yes
179,No
180,No
181,Yes
182,No
183,No
184,No
185,Yes
186,Yes
187,No
188,No
189,Yes
190,No
191,No
192,Yes
193,No
194,No
195,No
196,No
197,No
198,No
199,No
200,Yes
201,No
202,No
203,No
204,No
205,No
206,Yes
207,No
208,Yes
209,No
210,No
211,Yes
212,No
213,Yes
214,No
215,No
216,No
217,No
218,No
219,No
220,No
221,No
222,No
223,No
224,No
225,No
226,Yes
227,No
228,No
229,No
230,No
231,No
232,Yes
233,Yes
234,No
235,No
236,Yes
237,Yes
238,No
239,No
240,No
241,No
242,No
243,No
244,Yes
245,No
246,Yes
247,No
248,No
249,No
250,No
251,Yes
252,Yes
253,No
254,No
255,Yes
256,Yes
257,No
258,No
259,No
260,No
261,No
262,Yes
263,No
264,No
265,No
266,No
267,Yes
268,No
269,No
270,No
271,No
272,No
273,Yes
274,No
275,No
276,No
277,No
278,No
279,Yes
280,No
281,No
282,Yes
283,No
284,No
285,No
286,No
287,No
288,No
289,No
290,No
291,No
292,No
293,Yes
294,No
295,No
296,No
297,No
298,No
299,No
300,No
301,No
302,Yes
303,Yes
304,Yes
305,Yes
306,No
307,No
308,No
309,No
310,No
311,No
312,No
313,No
314,No
315,No
316,No
317,No
318,No
319,No
320,No
321,No
322,Yes
323,No
324,No
325,No
326,No
327,No
328,No
329,Yes
330,No
331,No
332,No
333,No
334,No
335,No
336,No
337,No
338,No
339,No
340,Yes
341,No
342,No
343,Yes
344,No
345,No
346,No
347,No
348,Yes
349,No
350,No
351,Yes
352,No
353,No
354,No
355,No
356,No
357,No
358,No
359,No
360,Yes
361,No
362,No
363,No
364,No
365,No
366,Yes
367,No
368,No
369,No
370,No
371,No
372,No
373,No
374,No
375,No
376,No
377,No
378,No
379,Yes
380,No
381,Yes
382,No
383,Yes
384,No
385,No
386,Yes
387,No
388,No
389,No
390,No
391,No
392,No
393,No
394,No
395,No
396,No
397,No
398,No
399,No
400,No
401,No
402,No
403,No
404,Yes
405,No
406,No
407,No
408,No
409,No
410,No
411,Yes
412,Yes
413,Yes
414,No
415,No
416,No
417,No
418,Yes
419,No
420,No
421,No
422,Yes
423,No
424,No
425,Yes
426,Yes
427,Yes
428,No
429,Yes
430,No
431,No
432,No
433,No
434,No
435,No
436,No
437,No
438,No
439,No
440,No
441,No
442,Yes
443,No
444,No
445,No
446,No
447,Yes
448,Yes
449,No
450,No
451,Yes
452,No
453,No
454,No
455,No
456,Yes
457,No
458,No
459,Yes
460,Yes
461,No
462,No
463,No
464,No
465,No
466,No
467,No
468,No
469,Yes
470,No
471,Yes
472,Yes
473,No
474,No
475,Yes
476,Yes
477,No
478,No
479,No
480,Yes
481,No
482,No
483,Yes
484,No
485,No
486,No
487,No
488,Yes
489,No
490,No
491,No
492,No
493,No
494,No
495,No
496,Yes
497,No
498,Yes
499,Yes
500,No
501,No
502,No
503,No
504,Yes
505,No
506,No
507,Yes
508,Yes
509,No
510,No
511,No
512,No
513,No
514,No
515,No
516,Yes
517,Yes
518,No
519,No
520,No
521,No
522,No
523,Yes
524,No
525,Yes
526,No
527,No
528,No
529,Yes
530,No
531,No
532,Yes
533,No
534,No
535,No
536,Yes
537,No
538,Yes
539,No
540,No
541,No
542,No
543,No
544,No
545,No
546,No
547,No
548,No
549,No
550,No
551,Yes
552,No
553,Yes
554,Yes
555,No
556,No
557,No
558,No
559,No
560,No
561,No
562,No
563,No
564,No
565,Yes
566,No
567,No
568,No
569,Yes
570,No
571,No
572,No
573,No
574,No
575,No
576,Yes
577,No
578,Yes
579,No
580,Yes
581,No
582,No
583,No
584,Yes
585,Yes
586,Yes
587,No
588,No
589,Yes
590,Yes
591,No
592,No
593,No
594,No
595,Yes
596,No
597,No
598,No
599,No
600,No
601,Yes
602,Yes
603,Yes
604,Yes
605,No
606,Yes
607,No
608,Yes
609,Yes
610,No
611,No
612,No
613,No
614,No
615,No
616,No
617,Yes
618,No
619,No
620,No
621,Yes
622,No
623,Yes
624,No
625,No
626,No
627,Yes
628,No
629,Yes
630,No
631,No
632,No
633,No
634,No
635,No
636,No
637,No
638,Yes
639,Yes
640,No
641,No
642,No
643,No
644,No
645,No
646,No
647,No
648,No
649,No
650,No
651,No
652,No
653,No
654,Yes
655,No
656,Yes
657,No
658,No
659,Yes
660,No
661,No
662,No
663,Yes
664,No
665,No
666,Yes
667,No
668,No
669,Yes
670,No
671,No
672,Yes
673,Yes
674,No
675,No
676,No
677,No
678,No
679,Yes
680,No
681,No
682,No
683,Yes
684,No
685,No
686,Yes
687,No
688,No
689,Yes
690,No
691,No
692,Yes
693,No
694,Yes
695,No
696,Yes
697,Yes
698,No
699,No
700,No
701,Yes
702,No
703,No
704,Yes
705,No
706,No
707,No
708,Yes
709,No
710,Yes
711,No
712,No
713,No
714,Yes
715,Yes
716,No
717,No
718,No
719,Yes
720,No
721,No
722,No
723,No
724,Yes
725,Yes
726,No
727,Yes
728,No
729,No
730,No
731,Yes
732,Yes
733,No
734,No
735,No
736,No
737,No
738,No
739,No
740,No
741,No
742,No
743,No
744,No
745,No
746,No
747,No
748,No
749,No
750,No
751,No
752,Yes
753,No
754,No
755,Yes
756,Yes
757,No
758,Yes
759,No
760,No
761,Yes
762,Yes
763,No
764,Yes
765,No
766,Yes
767,No
768,Yes
769,No
770,No
771,No
772,No
773,No
774,No
775,No
776,No
777,No
778,No
779,Yes
780,No
781,No
782,No
783,No
784,No
785,Yes
786,No
787,No
788,No
789,No
790,Yes
791,Yes
792,No
793,No
794,No
795,No
796,No
797,Yes
798,Yes
799,Yes
800,No
801,No
802,No
803,No
804,No
805,No
806,Yes
807,No
808,No
809,No
810,No
811,No
812,Yes
813,Yes
814,Yes
815,No
816,Yes
817,No
818,No
819,Yes
820,Yes
821,No
822,No
823,No
824,No
825,No
826,No
827,Yes
828,No
829,Yes
830,Yes
831,No
832,Yes
833,No
834,No
835,No
836,Yes
837,Yes
838,No
839,No
840,Yes
841,No
842,Yes
843,No
844,No
845,No
846,No
847,Yes
848,Yes
849,Yes
850,No
851,No
852,No
853,Yes
854,No
855,No
856,No
857,No
858,Yes
859,No
860,No
861,No
862,No
863,No
864,Yes
865,No
866,Yes
867,No
868,Yes
869,No
870,Yes
871,No
872,No
873,No
874,Yes
875,No
876,No
877,No
878,Yes
879,No
880,No
881,Yes
882,No
883,No
884,Yes
885,No
886,No
887,No
888,No
889,No
890,No
891,Yes
892,No
893,Yes
894,Yes
895,No
896,Yes
897,No
898,No
899,No
900,No
901,No
902,No
903,No
904,No
905,No
906,No
907,No
908,No
909,No
910,No
911,No
912,No
913,No
914,No
915,No
916,No
917,No
918,No
919,No
920,No
921,No
922,No
923,No
924,No
925,No
926,No
927,Yes
928,No
929,No
930,No
931,No
932,Yes
933,No
934,No
935,Yes
936,No
937,Yes
938,No
939,Yes
940,Yes
941,Yes
942,Yes
943,No
944,No
945,No
946,Yes
947,No
948,No
949,No
950,No
951,No
952,No
953,No
954,No
955,Yes
956,No
957,Yes
958,No
959,No
960,Yes
961,Yes
962,No
963,Yes
964,No
965,No
966,No
967,No
968,No
969,No
970,No
971,No
972,No
973,Yes
974,No
975,No
976,Yes
977,No
978,No
979,No
980,No
981,No
982,No
983,No
984,No
985,No
986,Yes
987,No
988,No
989,No
990,No
991,No
992,No
993,Yes
994,No
995,No
996,Yes
997,No
998,No
999,No
1000,Yes
1001,No
1002,No
1003,No
1004,No
1005,No
1006,Yes
1007,No
1008,No
1009,No
1010,Yes
1011,No
1012,No
1013,Yes
1014,No
1015,No
1016,No
1017,No
1018,No
1019,No
1020,No
1021,Yes
1022,Yes
1023,No
1024,Yes
1025,No
1026,No
1027,Yes
1028,No
1029,No
1030,Yes
1031,No
1032,No
1033,No
1034,Yes
1035,No
1036,No
1037,No
1038,No
1039,No
1040,No
1041,No
1042,No
1043,No
1044,No
1045,No
1046,No
1047,Yes
1048,Yes
1049,No
1050,No
1051,Yes
1052,No
1053,No
1054,No
1055,No
1056,No
1057,Yes
1058,No
1059,Yes
1060,No
1061,No
1062,Yes
1063,No
1064,No
1065,No
1066,No
1067,Yes
1068,No
1069,No
1070,No
1071,No
1072,No
1073,No
1074,No
1075,Yes
1076,No
1077,Yes
1078,No
1079,No
1080,Yes
1081,No
1082,No
1083,Yes
1084,Yes
1085,No
1086,No
1087,No
1088,Yes
1089,Yes
1090,No
1091,No
1092,No
1093,No
1094,Yes
1095,No
1096,No
1097,Yes
1098,No
1099,No
1100,No
1101,No
1102,No
1103,No
1104,No
1105,No
1106,No
1107,Yes
1108,No
1109,Yes
1110,No
1111,Yes
1112,No
1113,No
1114,No
1115,No
1116,No
1117,Yes
1118,No
1119,Yes
1120,No
1121,No
1122,No
1123,No
1124,No
1125,No
1126,No
1127,Yes
1128,No
1129,Yes
1130,No
1131,No
1132,No
1133,Yes
1134,No
1135,No
1136,No
1137,Yes
1138,Yes
1139,Yes
1140,Yes
1141,Yes
1142,No
1143,Yes
1144,Yes
1145,Yes
1146,No
1147,No
1148,No
1149,No
1150,No
1151,Yes
1152,No
1153,No
1154,No
1155,No
1156,Yes
1157,Yes
1158,No
1159,No
1160,No
1161,No
1162,Yes
1163,Yes
1164,Yes
1165,No
1166,No
1167,No
1168,Yes
1169,No
1170,No
1171,Yes
1172,No
1173,No
1174,No
1175,Yes
1176,No
1177,No
1178,No
1179,No
1180,Yes
1181,No
1182,No
1183,Yes
1184,No
1185,No
1186,No
1187,Yes
1188,Yes
1189,No
1190,Yes
1191,Yes
1192,No
1193,No
1194,Yes
1195,Yes
1196,No
1197,No
1198,No
1199,No
1200,Yes
1201,Yes
1202,No
1203,Yes
1204,No
1205,No
1206,No
1207,Yes
1208,No
1209,No
1210,No
1211,No
1212,No
1213,Yes
1214,Yes
1215,Yes
1216,No
1217,Yes
1218,No
1219,No
1220,No
1221,No
1222,No
1223,No
1224,No
1225,No
1226,No
1227,No
1228,No
1229,No
1230,No
1231,No
1232,No
1233,No
1234,No
1235,No
1236,No
1237,Yes
1238,No
1239,Yes
1240,No
1241,No
1242,Yes
1243,No
1244,Yes
1245,No
1246,Yes
1247,No
1248,No
1249,Yes
1250,No
1251,Yes
1252,No
1253,No
1254,No
1255,No
1256,No
1257,No
1258,No
1259,No
1260,No
1261,No
1262,Yes
1263,No
1264,No
1265,No
1266,No
1267,No
1268,No
1269,Yes
1270,Yes
1271,No
1272,Yes
1273,No
1274,No
1275,No
1276,No
1277,No
1278,No
1279,Yes
1280,No
1281,No
1282,No
1283,Yes
1284,No
1285,Yes
1286,No
1287,No
1288,No
1289,No
1290,Yes
1291,No
1292,No
1293,Yes
1294,No
1295,No
1296,No
1297,No
1298,Yes
1299,Yes
1300,No
1301,Yes
1302,No
1303,Yes
1304,No
1305,Yes
1306,No
1307,Yes
1308,No
1309,No
1310,No
1311,No
1312,No
1313,No
1314,No
1315,No
1316,No
1317,Yes
1318,No
1319,Yes
1320,No
1321,No
1322,No
1323,Yes
1324,No
1325,No
1326,No
1327,No
1328,Yes
1329,No
1330,No
1331,No
1332,No
1333,Yes
1334,No
1335,No
1336,Yes
1337,No
1338,No
1339,No
1340,No
1341,No
1342,No
1343,No
1344,No
1345,No
1346,No
1347,No
1348,No
1349,No
1350,No
1351,No
1352,No
1353,Yes
1354,No
1355,No
1356,Yes
1357,No
1358,No
1359,No
1360,Yes
1361,No
1362,No
1363,No
1364,Yes
1365,No
1366,Yes
1367,No
1368,No
1369,No
1370,No
1371,No
1372,No
1373,No
1374,No
1375,No
1376,No
1377,Yes
1378,No
1379,No
1380,No
1381,No
1382,No
1383,Yes
1384,No
1385,No
1386,Yes
1387,Yes
1388,No
1389,No
1390,No
1391,No
1392,No
1393,No
1394,No
1395,Yes
1396,No
1397,No
1398,Yes
1399,No
1400,No
1401,No
1402,No
1403,No
1404,No
1405,Yes
1406,No
1407,No
1408,No
1409,Yes
1410,No
1411,No
1412,Yes
1413,No
1414,No
1415,No
1416,No
1417,Yes
1418,Yes
1419,No
1420,No
1421,No
1422,No
1423,No
1424,No
1425,No
1426,Yes
1427,Yes
1428,No
1429,No
1430,No
1431,No
1432,Yes
1433,No
1434,No
1435,Yes
1436,Yes
1437,No
1438,No
1439,Yes
1440,No
1441,Yes
1442,Yes
1443,No
1444,No
1445,No
1446,Yes
1447,No
1448,No
1449,No
1450,No
1451,No
1452,No
1453,No
1454,No
1455,No
1456,Yes
1457,No
1458,Yes
1459,No
1460,No
1461,No
1462,Yes
1463,Yes
1464,No
1465,No
1466,No
1467,No
1468,No
1469,Yes
1470,No
1471,Yes
1472,Yes
1473,No
1474,No
1475,No
1476,Yes
1477,No
1478,Yes
1479,No
1480,No
1481,No
1482,No
1483,Yes
1484,No
1485,No
1486,No
1487,No
1488,No
1489,No
1490,No
1491,No
1492,No
1493,No
1494,No
1495,No
1496,No
1497,No
1498,No
1499,No
1500,No
1501,No
1502,No
1503,No
1504,Yes
1505,Yes
1506,No
1507,No
1508,Yes
1509,No
1510,Yes
1511,Yes
1512,No
1513,No
1514,No
1515,Yes
1516,No
1517,No
1518,No
1519,No
1520,No
1521,Yes
1522,Yes
1523,Yes
1524,No
1525,No
1526,No
1527,No
1528,No
1529,Yes
1530,Yes
1531,No
1532,No
1533,No
1534,Yes
1535,No
1536,No
1537,Yes
1538,Yes
1539,No
1540,No
1541,No
1542,No
1543,No
1544,No
1545,No
1546,No
1547,No
1548,Yes
1549,No
1550,Yes
1551,No
1552,No
1553,Yes
1554,Yes
1555,Yes
1556,No
1557,No
1558,No
1559,No
1560,Yes
1561,Yes
1562,No
1563,No
1564,No
1565,No
1566,Yes
1567,No
1568,No
1569,No
1570,Yes
1571,No
1572,No
1573,No
1574,No
1575,Yes
1576,No
1577,No
1578,No
1579,Yes
1580,No
1581,Yes
1582,No
1583,No
1584,Yes
1585,No
1586,Yes
1587,No
1588,Yes
1589,No
1590,No
1591,Yes
1592,No
1593,No
1594,No
1595,No
1596,No
1597,No
1598,No
1599,No
1600,Yes
1601,Yes
1602,No
1603,Yes
1604,No
1605,No
1606,No
1607,No
1608,No
1609,No
1610,No
1611,No
1612,No
1613,Yes
1614,No
1615,No
1616,No
1617,No
1618,No
1619,No
1620,No
1621,No
1622,Yes
1623,No
1624,No
1625,No
1626,No
1627,No
1628,No
1629,No
1630,No
1631,Yes
1632,Yes
1633,Yes
1634,No
1635,No
1636,Yes
1637,Yes
1638,No
1639,Yes
1640,Yes
1641,No
1642,No
1643,Yes
1644,No
1645,No
1646,Yes
1647,Yes
1648,Yes
1649,No
1650,Yes
1651,No
1652,No
1653,Yes
1654,No
1655,No
1656,No
1657,No
1658,No
1659,No
1660,No
1661,No
1662,No
1663,No
1664,No
1665,No
1666,No
1667,No
1668,Yes
1669,No
1670,No
1671,Yes
1672,No
1673,No
1674,No
1675,No
1676,Yes
1677,Yes
1678,No
1679,Yes
1680,No
1681,Yes
1682,No
1683,No
1684,No
1685,No
1686,No
1687,No
1688,No
1689,No
1690,No
1691,No
1692,No
1693,Yes
1694,No
1695,No
1696,No
1697,No
1698,No
1699,No
1700,No
1701,No
1702,Yes
1703,No
1704,No
1705,Yes
1706,Yes
1707,Yes
1708,No
1709,No
1710,No
1711,No
1712,No
1713,No
1714,No
1715,No
1716,Yes
1717,Yes
1718,No
1719,Yes
1720,Yes
1721,No
1722,No
1723,No
1724,No
1725,Yes
1726,No
1727,No
1728,Yes
1729,No
1730,No
1731,Yes
1732,Yes
1733,No
1734,No
1735,No
1736,Yes
1737,No
1738,Yes
1739,No
1740,No
1741,No
1742,No
1743,No
1744,Yes
1745,No
1746,No
1747,No
1748,No
1749,No
1750,No
1751,No
1752,Yes
1753,No
1754,No
1755,No
1756,No
1757,Yes
1758,No
1759,No
1760,No
1761,No
1762,No
1763,No
1764,No
1765,No
1766,No
1767,Yes
1768,No
1769,Yes
1770,Yes
1771,No
1772,No
1773,Yes
1774,No
1775,Yes
1776,No
1777,No
1778,No
1779,No
1780,No
1781,No
1782,No
1783,Yes
1784,No
1785,No
1786,No
1787,No
1788,No
1789,No
1790,No
1791,No
1792,No
1793,No
1794,No
1795,No
1796,No
1797,No
1798,No
1799,No
1800,No
1801,No
1802,No
1803,Yes
1804,No
1805,Yes
1806,No
1807,Yes
1808,Yes
1809,No
1810,No
1811,No
1812,Yes
1813,No
1814,No
1815,No
1816,No
1817,Yes
1818,No
1819,No
1820,No
1821,No
1822,No
1823,Yes
1824,Yes
1825,Yes
1826,No
1827,Yes
1828,No
1829,No
1830,No
1831,No
1832,No
1833,No
1834,No
1835,No
1836,No
1837,No
1838,Yes
1839,No
1840,No
1841,No
1842,No
1843,Yes
1844,Yes
1845,No
1846,No
1847,Yes
1848,No
1849,Yes
1850,No
1851,No
1852,No
1853,Yes
1854,Yes
1855,No
1856,No
1857,No
1858,No
1859,Yes
1860,No
1861,No
1862,Yes
1863,No
1864,No
1865,No
1866,No
1867,No
1868,No
1869,No
1870,Yes
1871,No
1872,No
1873,No
1874,No
1875,No
1876,No
1877,No
1878,No
1879,No
1880,No
1881,No
1882,No
1883,No
1884,No
1885,No
1886,Yes
1887,No
1888,Yes
1889,Yes
1890,Yes
1891,No
1892,No
1893,No
1894,No
1895,No
1896,No
1897,Yes
1898,No
1899,Yes
1900,No
1901,No
1902,No
1903,Yes
1904,No
1905,No
1906,No
1907,Yes
1908,No
1909,No
1910,Yes
1911,Yes
1912,Yes
1913,No
1914,Yes
1915,No
1916,No
1917,No
1918,No
1919,No
1920,No
1921,Yes
1922,Yes
1923,No
1924,No
1925,Yes
1926,No
1927,No
1928,No
1929,No
1930,No
1931,Yes
1932,No
1933,No
1934,No
1935,Yes
1936,No
1937,Yes
1938,No
1939,No
1940,No
1941,No
1942,No
1943,No
1944,No
1945,No
1946,No
1947,No
1948,No
1949,No
1950,No
1951,No
1952,No
1953,No
1954,No
1955,No
1956,Yes
1957,No
1958,No
1959,Yes
1960,No
1961,No
1962,No
1963,No
1964,No
1965,Yes
1966,No
1967,No
1968,No
1969,No
1970,No
1971,No
1972,No
1973,No
1974,No
1975,No
1976,Yes
1977,Yes
1978,No
1979,Yes
1980,No
1981,No
1982,No
1983,No
1984,No
1985,No
1986,No
1987,No
1988,No
1989,Yes
1990,No
1991,No
1992,Yes
1993,No
1994,Yes
1995,No
1996,Yes
1997,No
1998,No
1999,No
2000,No
2001,No
2002,No
2003,Yes
2004,No
2005,No
2006,No
2007,No
2008,Yes
2009,Yes
2010,No
2011,No
2012,No
2013,No
2014,No
2015,Yes
2016,Yes
2017,Yes
2018,No
2019,No
2020,No
2021,Yes
2022,No
2023,No
2024,No
2025,No
2026,No
2027,No
2028,Yes
2029,No
2030,Yes
2031,No
2032,No
2033,No
2034,Yes
2035,No
2036,No
2037,No
2038,No
2039,Yes
2040,No
2041,Yes
2042,No
2043,Yes
2044,Yes
2045,No
2046,Yes
2047,No
2048,No
2049,No
2050,No
2051,No
2052,Yes
2053,No
2054,No
2055,Yes
2056,No
2057,No
2058,No
2059,Yes
2060,No
2061,No
2062,Yes
2063,No
2064,No
2065,No
2066,No
2067,No
2068,No
2069,Yes
2070,No
2071,No
2072,No
2073,No
2074,No
2075,No
2076,No
2077,No
2078,No
2079,No
2080,No
2081,No
2082,No
2083,No
2084,Yes
2085,No
2086,Yes
2087,No
2088,No
2089,No
2090,Yes
2091,Yes
2092,No
2093,No
2094,No
2095,No
2096,No
2097,No
2098,Yes
2099,No
2100,No
2101,No
2102,No
2103,No
2104,No
2105,No
2106,No
2107,No
2108,No
2109,No
2110,No
2111,Yes
2112,No
2113,No
2114,No
2115,Yes
2116,Yes
2117,No
2118,No
2119,No
2120,No
2121,No
2122,No
2123,No
2124,No
2125,No
2126,Yes
2127,No
2128,No
2129,No
2130,No
2131,Yes
2132,No
2133,No
2134,Yes
2135,No
2136,No
2137,Yes
2138,No
2139,No
2140,Yes
2141,No
2142,Yes
2143,No
2144,No
2145,No
2146,No
2147,Yes
2148,No
2149,No
2150,No
2151,No
2152,No
2153,Yes
2154,Yes
2155,Yes
2156,No
2157,Yes
2158,No
2159,No
2160,No
2161,Yes
2162,No
2163,No
2164,No
2165,No
2166,Yes
2167,Yes
2168,No
2169,No
2170,No
2171,No
2172,Yes
2173,No
2174,No
2175,No
2176,Yes
2177,No
2178,No
2179,Yes
2180,No
2181,No
2182,No
2183,No
2184,No
2185,No
2186,No
2187,No
2188,No
2189,No
2190,Yes
2191,Yes
2192,No
2193,Yes
2194,No
2195,No
2196,No
2197,No
2198,No
2199,Yes
2200,Yes
2201,No
2202,No
2203,Yes
2204,No
2205,No
2206,No
2207,Yes
2208,Yes
2209,No
2210,No
2211,No
2212,No
2213,Yes
2214,No
2215,No
2216,No
2217,Yes
2218,No
2219,No
2220,No
2221,No
2222,No
2223,Yes
2224,No
2225,No
2226,No
2227,No
2228,No
2229,No
2230,No
2231,No
2232,No
2233,No
2234,Yes
2235,Yes
2236,No
2237,No
2238,No
2239,No
2240,No
2241,No
2242,No
2243,Yes
2244,No
2245,No
2246,No
2247,No
2248,Yes
2249,No
2250,Yes
2251,No
2252,No
2253,Yes
2254,Yes
2255,Yes
2256,No
2257,Yes
2258,Yes
2259,No
2260,No
2261,No
2262,No
2263,No
2264,No
2265,No
2266,Yes
2267,No
2268,No
2269,No
2270,No
2271,No
2272,No
2273,No
2274,No
2275,No
2276,No
2277,No
2278,No
2279,Yes
2280,No
2281,No
2282,No
2283,No
2284,No
2285,No
2286,Yes
2287,No
2288,Yes
2289,No
2290,No
2291,No
2292,No
2293,Yes
2294,No
2295,Yes
2296,No
2297,No
2298,No
2299,No
2300,No
2301,No
2302,No
2303,Yes
2304,Yes
2305,No
2306,No
2307,No
2308,No
2309,No
2310,No
2311,Yes
2312,No
2313,No
2314,No
2315,No
2316,No
2317,No
2318,Yes
2319,No
2320,No
2321,No
2322,No
2323,Yes
2324,Yes
2325,No
2326,Yes
2327,No
2328,No
2329,Yes
2330,No
2331,No
2332,No
2333,No
2334,No
2335,Yes
2336,No
2337,No
2338,Yes
2339,Yes
2340,No
2341,No
2342,Yes
2343,Yes
2344,Yes
2345,No
2346,No
2347,No
2348,No
2349,No
2350,No
2351,No
2352,Yes
2353,No
2354,Yes
2355,No
2356,No
2357,No
2358,No
2359,Yes
2360,Yes
2361,No
2362,No
2363,No
2364,No
2365,No
2366,No
2367,No
2368,No
2369,No
2370,Yes
2371,No
2372,No
2373,No
2374,No
2375,No
2376,Yes
2377,No
2378,No
2379,No
2380,No
2381,No
2382,Yes
2383,No
2384,Yes
2385,No
2386,Yes
2387,No
2388,Yes
2389,No
2390,Yes
2391,No
2392,No
2393,No
2394,No
2395,Yes
2396,No
2397,No
2398,No
2399,No
2400,No
2401,No
2402,No
2403,Yes
2404,No
2405,No
2406,No
2407,No
2408,No
2409,No
2410,No
2411,No
2412,No
2413,No
2414,No
2415,No
2416,Yes
2417,Yes
2418,No
2419,No
2420,No
2421,No
2422,No
2423,Yes
2424,No
2425,No
2426,No
2427,No
2428,Yes
2429,No
2430,No
2431,No
2432,Yes
2433,No
2434,No
2435,No
2436,No
2437,Yes
2438,No
2439,No
2440,Yes
2441,No
2442,Yes
2443,No
2444,No
2445,No
2446,No
2447,No
2448,No
2449,Yes
2450,No
2451,No
2452,No
2453,No
2454,No
2455,No
2456,No
2457,No
2458,No
2459,No
2460,No
2461,No
2462,No
2463,No
2464,No
2465,No
2466,Yes
2467,No
2468,No
2469,Yes
2470,No
2471,No
2472,Yes
2473,No
2474,No
2475,No
2476,Yes
2477,No
2478,No
2479,Yes
2480,No
2481,No
2482,No
2483,No
2484,Yes
2485,No
2486,No
2487,No
2488,No
2489,No
2490,No
2491,No
2492,No
2493,Yes
2494,No
2495,No
2496,Yes
2497,No
2498,No
2499,No
2500,Yes
2501,Yes
2502,No
2503,No
2504,No
2505,Yes
2506,No
2507,No
2508,No
2509,No
2510,Yes
2511,No
2512,No
2513,No
2514,No
2515,No
2516,Yes
2517,No
2518,No
2519,No
2520,No
2521,No
2522,Yes
2523,No
2524,No
2525,No
2526,No
2527,No
2528,No
2529,No
2530,No
2531,No
2532,No
2533,No
2534,No
2535,Yes
2536,No
2537,No
2538,No
2539,No
2540,No
2541,Yes
2542,No
2543,No
2544,No
2545,No
2546,Yes
2547,Yes
2548,Yes
2549,No
2550,No
2551,No
2552,Yes
2553,No
2554,No
2555,No
2556,No
2557,No
2558,No
2559,No
2560,Yes
2561,No
2562,No
2563,No
2564,No
2565,No
2566,No
2567,No
2568,No
2569,Yes
2570,No
2571,No
2572,Yes
2573,No
2574,Yes
2575,No
2576,Yes
2577,No
2578,No
2579,No
2580,No
2581,No
2582,No
2583,No
2584,No
2585,No
2586,Yes
2587,Yes
2588,No
2589,No
2590,Yes
2591,Yes
2592,Yes
2593,Yes
2594,Yes
2595,No
2596,No
2597,No
2598,No
2599,No
2600,Yes
2601,No
2602,No
2603,No
2604,Yes
2605,No
2606,No
2607,No
2608,No
2609,No
2610,No
2611,No
2612,No
2613,No
2614,No
2615,Yes
2616,Yes
2617,No
2618,No
2619,No
2620,Yes
2621,No
2622,Yes
2623,No
2624,No
2625,No
2626,No
2627,No
2628,No
2629,No
2630,No
2631,No
2632,No
2633,Yes
2634,No
2635,No
2636,Yes
2637,No
2638,No
2639,No
2640,No
2641,No
2642,No
2643,Yes
2644,No
2645,Yes
2646,No
2647,No
2648,No
2649,No
2650,No
2651,No
2652,No
2653,No
2654,Yes
2655,No
2656,No
2657,No
2658,No
2659,No
2660,Yes
2661,No
2662,No
2663,No
2664,No
2665,No
2666,Yes
2667,No
2668,Yes
2669,Yes
2670,Yes
2671,No
2672,No
2673,Yes
2674,No
2675,No
2676,No
2677,No
2678,No
2679,No
2680,No
2681,No
2682,No
2683,No
2684,No
2685,No
2686,No
2687,Yes
2688,Yes
2689,Yes
2690,Yes
2691,No
2692,No
2693,Yes
2694,No
2695,Yes
2696,No
2697,No
2698,No
2699,No
2700,No
2701,No
2702,Yes
2703,No
2704,No
2705,No
2706,Yes
2707,No
2708,No
2709,No
2710,No
2711,No
2712,No
2713,No
2714,No
2715,No
2716,No
2717,No
2718,Yes
2719,No
2720,Yes
2721,No
2722,No
2723,Yes
2724,No
2725,No
2726,No
2727,No
2728,No
2729,Yes
2730,No
2731,No
2732,No
2733,No
2734,No
2735,Yes
2736,Yes
2737,No
2738,No
2739,No
2740,Yes
2741,No
2742,Yes
2743,No
2744,No
2745,No
2746,No
2747,No
2748,No
2749,No
2750,Yes
2751,No
2752,No
2753,Yes
2754,No
2755,No
2756,No
2757,No
2758,No
2759,Yes
2760,No
2761,No
2762,No
2763,No
2764,No
2765,No
2766,No
2767,No
2768,No
2769,No
2770,No
2771,No
2772,No
2773,No
2774,No
2775,No
2776,Yes
2777,No
2778,No
2779,Yes
2780,No
2781,No
2782,No
2783,No
2784,No
2785,Yes
2786,No
2787,No
2788,No
2789,Yes
2790,Yes
2791,Yes
2792,Yes
2793,No
2794,No
2795,No
2796,No
2797,Yes
2798,No
2799,Yes
2800,Yes
2801,No
2802,Yes
2803,No
2804,Yes
2805,No
2806,No
2807,Yes
2808,No
2809,No
2810,Yes
2811,No
2812,No
2813,Yes
2814,No
2815,No
2816,No
2817,No
2818,No
2819,No
2820,No
2821,No
2822,No
2823,No
2824,Yes
2825,No
2826,No
2827,No
2828,No
2829,No
2830,Yes
2831,No
2832,Yes
2833,No
2834,No
2835,Yes
2836,Yes
2837,No
2838,No
2839,Yes
2840,Yes
2841,No
2842,No
2843,No
2844,No
2845,No
2846,Yes
2847,No
2848,No
2849,No
2850,No
2851,No
2852,Yes
2853,No
2854,No
2855,No
2856,No
2857,Yes
2858,No
2859,No
2860,No
2861,No
2862,No
2863,No
2864,No
2865,No
2866,No
2867,No
2868,No
2869,No
2870,No
2871,Yes
2872,Yes
2873,No
2874,No
2875,No
2876,No
2877,Yes
2878,Yes
2879,No
2880,No
2881,No
2882,No
2883,Yes
2884,No
2885,No
2886,No
2887,No
2888,No
2889,Yes
2890,No
2891,Yes
2892,Yes
2893,Yes
2894,No
2895,No
2896,No
2897,No
2898,Yes
2899,No
2900,No
2901,No
2902,No
2903,No
2904,No
2905,No
2906,Yes
2907,No
2908,No
2909,Yes
2910,No
2911,No
2912,No
2913,No
2914,Yes
2915,No
2916,Yes
2917,No
2918,Yes
2919,Yes
2920,No
2921,Yes
2922,Yes
2923,No
2924,Yes
2925,No
2926,No
2927,No
2928,Yes
2929,Yes
2930,No
2931,No
2932,No
2933,Yes
2934,No
2935,Yes
2936,Yes
2937,No
2938,No
2939,No
2940,No
2941,Yes
2942,No
2943,No
2944,No
2945,No
2946,No
2947,Yes
2948,No
2949,Yes
2950,No
2951,No
2952,No
2953,Yes
2954,No
2955,No
2956,No
2957,No
2958,No
2959,No
2960,No
2961,Yes
2962,No
2963,No
2964,No
2965,No
2966,Yes
2967,No
2968,No
2969,No
2970,No
2971,No
2972,No
2973,No
2974,No
2975,No
2976,Yes
2977,No
2978,Yes
2979,No
2980,No
2981,No
2982,Yes
2983,No
2984,Yes
2985,No
2986,No
2987,No
2988,No
2989,Yes
2990,No
2991,Yes
2992,No
2993,No
2994,No
2995,No
2996,No
2997,No
2998,No
2999,Yes
3000,No
3001,Yes
3002,No
3003,No
3004,No
3005,No
3006,Yes
3007,No
3008,No
3009,No
3010,Yes
3011,No
3012,Yes
3013,No
3014,No
3015,No
3016,No
3017,No
3018,No
3019,No
3020,No
3021,No
3022,Yes
3023,No
3024,No
3025,No
3026,No
3027,Yes
3028,No
3029,No
3030,No
3031,No
3032,No
3033,No
3034,No
3035,No
3036,Yes
3037,No
3038,Yes
3039,No
3040,No
3041,No
3042,No
3043,Yes
3044,No
3045,No
3046,No
3047,No
3048,No
3049,Yes
3050,Yes
3051,No
3052,No
3053,No
3054,No
3055,No
3056,Yes
3057,Yes
3058,No
3059,Yes
3060,No
3061,No
3062,Yes
3063,Yes
3064,No
3065,Yes
3066,No
3067,Yes
3068,Yes
3069,No
3070,No
3071,No
3072,No
3073,No
3074,No
3075,No
3076,No
3077,No
3078,Yes
3079,No
3080,No
3081,Yes
3082,No
3083,No
3084,Yes
3085,No
3086,No
3087,No
3088,No
3089,No
3090,No
3091,No
3092,Yes
3093,Yes
3094,No
3095,No
3096,No
3097,No
3098,No
3099,No
3100,No
3101,No
3102,No
3103,No
3104,No
3105,No
3106,No
3107,No
3108,No
3109,No
3110,No
3111,No
3112,No
3113,No
3114,Yes
3115,No
3116,Yes
3117,Yes
3118,No
3119,No
3120,No
3121,No
3122,No
3123,Yes
3124,No
3125,No
3126,Yes
3127,No
3128,No
3129,No
3130,No
3131,Yes
3132,Yes
3133,No
3134,No
3135,No
3136,Yes
3137,Yes
3138,No
3139,No
3140,No
3141,No
3142,No
3143,No
3144,No
3145,No
3146,No
3147,No
3148,No
3149,No
3150,No
3151,No
3152,No
3153,No
3154,Yes
3155,No
3156,No
3157,No
3158,Yes
3159,No
3160,No
3161,No
3162,No
3163,No
3164,No
3165,No
3166,No
3167,No
3168,No
3169,No
3170,No
3171,No
3172,No
3173,No
3174,No
3175,No
3176,No
3177,No
3178,No
3179,Yes
3180,No
3181,Yes
3182,No
3183,No
3184,No
3185,No
3186,No
3187,Yes
3188,Yes
3189,No
3190,Yes
3191,No
3192,Yes
3193,No
3194,No
3195,No
3196,Yes
3197,Yes
3198,No
3199,No
3200,No
3201,Yes
3202,Yes
3203,No
3204,No
3205,Yes
3206,No
3207,No
3208,No
3209,No
3210,Yes
3211,No
3212,No
3213,No
3214,No
3215,Yes
3216,No
3217,No
3218,No
3219,No
3220,Yes
3221,Yes
3222,No
3223,No
3224,No
3225,No
3226,Yes
3227,No
3228,Yes
3229,No
3230,No
3231,No
3232,No
3233,No
3234,Yes
3235,Yes
3236,No
3237,No
3238,No
3239,Yes
3240,No
3241,Yes
3242,No
3243,No
3244,No
3245,No
3246,No
3247,No
3248,No
3249,No
3250,No
3251,Yes
3252,No
3253,No
3254,No
3255,No
3256,Yes
3257,Yes
3258,Yes
3259,No
3260,No
3261,No
3262,Yes
3263,No
3264,No
3265,No
3266,No
3267,No
3268,No
3269,No
3270,No
3271,No
3272,No
3273,No
3274,No
3275,Yes
3276,No
3277,No
3278,No
3279,No
3280,No
3281,No
3282,No
3283,Yes
3284,No
3285,No
3286,No
3287,Yes
3288,No
3289,No
3290,Yes
3291,No
3292,No
3293,No
3294,No
3295,Yes
3296,Yes
3297,No
3298,No
3299,No
3300,No
3301,No
3302,No
3303,No
3304,No
3305,No
3306,Yes
3307,Yes
3308,No
3309,Yes
3310,Yes
3311,No
3312,Yes
3313,No
3314,No
3315,No
3316,No
3317,No
3318,No
3319,Yes
3320,No
3321,No
3322,No
3323,No
3324,No
3325,No
3326,No
3327,No
3328,No
3329,No
3330,No
3331,Yes
3332,Yes
3333,Yes
3334,Yes
3335,No
3336,No
3337,No
3338,No
3339,No
3340,No
3341,No
3342,No
3343,No
3344,No
3345,Yes
3346,No
3347,No
3348,Yes
3349,No
3350,Yes
3351,No
3352,Yes
3353,Yes
3354,No
3355,No
3356,Yes
3357,Yes
3358,No
3359,No
3360,Yes
3361,No
3362,No
3363,No
3364,No
3365,Yes
3366,No
3367,Yes
3368,No
3369,No
3370,No
3371,Yes
3372,No
3373,No
3374,No
3375,Yes
3376,No
3377,No
3378,Yes
3379,No
3380,No
3381,No
3382,No
3383,No
3384,Yes
3385,No
3386,No
3387,No
3388,No
3389,No
3390,No
3391,No
3392,No
3393,No
3394,No
3395,No
3396,No
3397,No
3398,Yes
3399,No
3400,Yes
3401,No
3402,No
3403,No
3404,No
3405,No
3406,Yes
3407,Yes
3408,No
3409,No
3410,Yes
3411,No
3412,Yes
3413,No
3414,No
3415,Yes
3416,No
3417,No
3418,No
3419,No
3420,No
3421,Yes
3422,No
3423,Yes
3424,No
3425,No
3426,No
3427,No
3428,Yes
3429,No
3430,No
3431,No
3432,No
3433,Yes
3434,No
3435,No
3436,Yes
3437,No
3438,Yes
3439,No
3440,No
3441,Yes
3442,No
3443,No
3444,No
3445,No
3446,Yes
3447,No
3448,Yes
3449,No
3450,No
3451,No
3452,No
3453,No
3454,No
3455,No
3456,No
3457,No
3458,No
3459,Yes
3460,No
3461,No
3462,No
3463,No
3464,No
3465,Yes
3466,No
3467,No
3468,No
3469,Yes
3470,Yes
3471,No
3472,Yes
3473,No
3474,No
3475,No
3476,Yes
3477,No
3478,No
3479,No
3480,Yes
3481,No
3482,No
3483,No
3484,No
3485,No
3486,No
3487,No
3488,No
3489,No
3490,No
3491,Yes
3492,No
3493,Yes
3494,Yes
3495,No
3496,No
3497,Yes
3498,No
3499,No
3500,No
3501,No
3502,Yes
3503,Yes
3504,No
3505,No
3506,No
3507,No
3508,No
3509,No
3510,Yes
3511,No
3512,Yes
3513,No
3514,Yes
3515,No
3516,No
3517,No
3518,No
3519,No
3520,No
3521,Yes
3522,No
3523,No
3524,No
3525,No
3526,Yes
3527,No
3528,No
3529,No
3530,No
3531,No
3532,No
3533,No
3534,No
3535,No
3536,Yes
3537,No
3538,Yes
3539,No
3540,No
3541,No
3542,No
3543,No
3544,No
3545,No
3546,No
3547,Yes
3548,No
3549,No
3550,No
3551,No
3552,Yes
3553,No
3554,No
3555,No
3556,No
3557,Yes
3558,No
3559,No
3560,No
3561,No
3562,Yes
3563,No
3564,Yes
3565,No
3566,Yes
3567,Yes
3568,Yes
3569,No
3570,No
3571,No
3572,Yes
3573,No
3574,No
3575,No
3576,No
3577,No
3578,No
3579,No
3580,No
3581,No
3582,No
3583,No
3584,No
3585,No
3586,No
3587,No
3588,No
3589,No
3590,No
3591,No
3592,No
3593,No
3594,No
3595,No
3596,No
3597,Yes
3598,No
3599,No
3600,No
3601,Yes
3602,No
3603,No
3604,No
3605,No
3606,No
3607,No
3608,No
3609,Yes
3610,No
3611,No
3612,No
3613,Yes
3614,Yes
3615,No
3616,No
3617,No
3618,No
3619,No
3620,No
3621,No
3622,Yes
3623,No
3624,Yes
3625,No
3626,No
3627,No
3628,No
3629,No
3630,No
3631,No
3632,No
3633,No
3634,No
3635,No
3636,No
3637,No
3638,No
3639,No
3640,No
3641,No
3642,No
3643,No
3644,Yes
3645,No
3646,No
3647,No
3648,Yes
3649,Yes
3650,No
3651,No
3652,No
3653,No
3654,Yes
3655,No
3656,Yes
3657,Yes
3658,Yes
3659,No
3660,No
3661,No
3662,No
3663,No
3664,Yes
3665,No
3666,Yes
3667,No
3668,Yes
3669,Yes
3670,Yes
3671,No
3672,No
3673,No
3674,No
3675,Yes
3676,Yes
3677,No
3678,No
3679,No
3680,No
3681,No
3682,No
3683,No
3684,No
3685,No
3686,No
3687,No
3688,No
3689,No
3690,No
3691,Yes
3692,No
3693,Yes
3694,No
3695,No
3696,No
3697,No
3698,No
3699,Yes
3700,No
3701,No
3702,No
3703,Yes
3704,No
3705,No
3706,Yes
3707,No
3708,No
3709,No
3710,No
3711,Yes
3712,No
3713,Yes
3714,No
3715,No
3716,No
3717,No
3718,No
3719,No
3720,Yes
3721,Yes
3722,Yes
3723,No
3724,No
3725,Yes
3726,No
3727,Yes
3728,Yes
3729,No
3730,No
3731,No
3732,No
3733,Yes
3734,No
3735,No
3736,No
3737,No
3738,Yes
3739,No
3740,No
3741,No
3742,No
3743,No
3744,No
3745,No
3746,No
3747,No
3748,No
3749,No
3750,No
3751,No
3752,No
3753,Yes
3754,No
3755,No
3756,Yes
3757,No
3758,No
3759,No
3760,No
3761,No
3762,No
3763,Yes
3764,No
3765,No
3766,Yes
3767,No
3768,Yes
3769,No
3770,Yes
3771,No
3772,No
3773,No
3774,No
3775,No
3776,No
3777,No
3778,Yes
3779,No
3780,Yes
3781,No
3782,No
3783,Yes
3784,No
3785,Yes
3786,Yes
3787,No
3788,No
3789,Yes
3790,No
3791,No
3792,Yes
3793,No
3794,No
3795,No
3796,Yes
3797,No
3798,No
3799,No
3800,No
3801,No
3802,Yes
3803,No
3804,Yes
3805,No
3806,Yes
3807,No
3808,Yes
3809,No
3810,No
3811,No
3812,No
3813,No
3814,Yes
3815,Yes
3816,No
3817,Yes
3818,Yes
3819,Yes
3820,No
3821,No
3822,Yes
3823,Yes
3824,No
3825,No
3826,No
3827,No
3828,No
3829,No
3830,No
3831,No
3832,Yes
3833,No
3834,No
3835,No
3836,Yes
3837,No
3838,No
3839,No
3840,Yes
3841,No
3842,No
3843,No
3844,Yes
3845,No
3846,No
3847,No
3848,Yes
3849,No
3850,No
3851,No
3852,No
3853,No
3854,Yes
3855,No
3856,No
3857,No
3858,Yes
3859,No
3860,Yes
3861,No
3862,No
3863,Yes
3864,No
3865,No
3866,No
3867,No
3868,No
3869,Yes
3870,Yes
3871,No
3872,No
3873,No
3874,No
3875,No
3876,Yes
3877,No
3878,No
3879,No
3880,No
3881,No
3882,Yes
3883,Yes
3884,No
3885,No
3886,Yes
3887,Yes
3888,Yes
3889,Yes
3890,No
3891,Yes
3892,Yes
3893,No
3894,No
3895,No
3896,No
3897,No
3898,No
3899,No
3900,Yes
3901,No
3902,No
3903,Yes
3904,Yes
3905,No
3906,Yes
3907,No
3908,No
3909,No
3910,No
3911,No
3912,Yes
3913,No
3914,No
3915,No
3916,No
3917,No
3918,No
3919,Yes
3920,Yes
3921,No
3922,No
3923,Yes
3924,No
3925,No
3926,No
3927,Yes
3928,No
3929,Yes
3930,No
3931,No
3932,No
3933,No
3934,Yes
3935,No
3936,Yes
3937,No
3938,Yes
3939,Yes
3940,No
3941,No
3942,Yes
3943,No
3944,No
3945,No
3946,No
3947,No
3948,No
3949,No
3950,No
3951,Yes
3952,No
3953,No
3954,No
3955,No
3956,No
3957,No
3958,No
3959,No
3960,No
3961,Yes
3962,Yes
3963,No
3964,No
3965,No
3966,No
3967,No
3968,No
3969,Yes
3970,No
3971,No
3972,No
3973,No
3974,Yes
3975,No
3976,No
3977,No
3978,No
3979,No
3980,No
3981,No
3982,No
3983,No
3984,No
3985,Yes
3986,Yes
3987,Yes
3988,No
3989,No
3990,No
3991,No
3992,No
3993,No
3994,No
3995,No
3996,No
3997,Yes
3998,No
3999,No
4000,Yes
4001,Yes
4002,No
4003,Yes
4004,No
4005,No
4006,No
4007,No
4008,No
4009,No
4010,No
4011,No
4012,No
4013,No
4014,No
4015,Yes
4016,No
4017,No
4018,No
4019,No
4020,Yes
4021,No
4022,Yes
4023,Yes
4024,Yes
4025,No
4026,No
4027,No
4028,Yes
4029,No
4030,No
4031,No
4032,Yes
4033,No
4034,No
4035,No
4036,Yes
4037,No
4038,Yes
4039,No
4040,No
4041,No
4042,No
4043,No
4044,Yes
4045,Yes
4046,No
4047,Yes
4048,No
4049,Yes
4050,No
4051,No
4052,No
4053,No
4054,No
4055,No
4056,No
4057,Yes
4058,Yes
4059,Yes
4060,No
4061,No
4062,Yes
4063,No
4064,Yes
4065,No
4066,No
4067,No
4068,No
4069,No
4070,No
4071,Yes
4072,No
4073,No
4074,No
4075,No
4076,No
4077,No
4078,No
4079,Yes
4080,Yes
4081,No
4082,Yes
4083,Yes
4084,No
4085,No
4086,No
4087,No
4088,No
4089,No
4090,No
4091,Yes
4092,No
4093,No
4094,No
4095,No
4096,No
4097,No
4098,No
4099,Yes
4100,Yes
4101,No
4102,No
4103,Yes
4104,No
4105,Yes
4106,No
4107,No
4108,No
4109,No
4110,No
4111,No
4112,No
4113,No
4114,No
4115,Yes
4116,No
4117,Yes
4118,No
4119,No
4120,No
4121,Yes
4122,No
4123,No
4124,No
4125,No
4126,No
4127,No
4128,Yes
4129,No
4130,No
4131,No
4132,No
4133,No
4134,Yes
4135,No
4136,Yes
4137,No
4138,No
4139,Yes
4140,No
4141,No
4142,No
4143,No
4144,No
4145,Yes
4146,Yes
4147,No
4148,No
4149,No
4150,No
4151,No
4152,No
4153,No
4154,No
4155,Yes
4156,No
4157,No
4158,No
4159,No
4160,No
4161,No
4162,No
4163,Yes
4164,No
4165,No
4166,No
4167,Yes
4168,No
4169,Yes
4170,No
4171,No
4172,No
4173,No
4174,No
4175,No
4176,Yes
4177,No
4178,No
4179,No
4180,No
4181,No
4182,No
4183,No
4184,No
4185,No
4186,No
4187,No
4188,No
4189,No
4190,No
4191,No
4192,No
4193,Yes
4194,No
4195,No
4196,Yes
4197,No
4198,Yes
4199,No
4200,Yes
4201,No
4202,No
4203,No
4204,No
4205,Yes
4206,No
4207,No
4208,No
4209,No
4210,Yes
4211,No
4212,No
4213,No
4214,No
4215,No
4216,No
4217,No
4218,No
4219,No
4220,Yes
4221,Yes
4222,No
4223,No
4224,Yes
4225,Yes
4226,No
4227,No
4228,No
4229,Yes
4230,No
4231,No
4232,No
4233,No
4234,Yes
4235,No
4236,No
4237,No
4238,No
4239,No
4240,No
4241,No
4242,No
4243,No
4244,No
4245,No
4246,No
4247,Yes
4248,No
4249,Yes
4250,No
4251,No
4252,No
4253,No
4254,No
4255,No
4256,No
4257,No
4258,No
4259,No
4260,No
4261,Yes
4262,Yes
4263,No
4264,No
4265,No
4266,No
4267,No
4268,No
4269,No
4270,No
4271,No
4272,No
4273,No
4274,Yes
4275,No
4276,No
4277,No
4278,Yes
4279,No
4280,No
4281,No
4282,Yes
4283,No
4284,Yes
4285,No
4286,No
4287,No
4288,No
4289,No
4290,No
4291,No
4292,No
4293,No
4294,No
4295,No
4296,No
4297,No
4298,No
4299,No
4300,Yes
4301,No
4302,No
4303,No
4304,No
4305,Yes
4306,No
4307,Yes
4308,No
4309,Yes
4310,Yes
4311,No
4312,Yes
4313,No
4314,No
4315,No
4316,No
4317,No
4318,Yes
4319,No
4320,No
4321,No
4322,No
4323,Yes
4324,Yes
4325,No
4326,No
4327,No
4328,No
4329,No
4330,No
4331,Yes
4332,Yes
4333,Yes
4334,Yes
4335,No
4336,No
4337,Yes
4338,No
4339,No
4340,Yes
4341,No
4342,No
4343,No
4344,No
4345,No
4346,No
4347,Yes
4348,No
4349,No
4350,No
4351,No
4352,No
4353,No
4354,Yes
4355,No
4356,No
4357,No
4358,Yes
4359,No
4360,No
4361,No
4362,Yes
4363,No
4364,No
4365,No
4366,Yes
4367,No
4368,No
4369,No
4370,No
4371,No
4372,No
4373,No
4374,No
4375,Yes
4376,No
4377,Yes
4378,Yes
4379,No
4380,No
4381,No
4382,No
4383,No
4384,No
4385,Yes
4386,No
4387,No
4388,Yes
4389,No
4390,No
4391,No
4392,No
4393,Yes
4394,No
4395,No
4396,No
4397,No
4398,Yes
4399,No
4400,Yes
4401,No
4402,Yes
4403,No
4404,No
4405,No
4406,No
4407,No
4408,No
4409,Yes
4410,No
4411,No
4412,No
4413,No
4414,No
4415,No
4416,No
4417,No
4418,No
4419,No
4420,No
4421,Yes
4422,No
4423,No
4424,No
4425,No
4426,No
4427,No
4428,Yes
4429,No
4430,No
4431,No
4432,No
4433,Yes
4434,No
4435,No
4436,No
4437,No
4438,No
4439,No
4440,No
4441,No
4442,No
4443,No
4444,No
4445,No
4446,No
4447,No
4448,No
4449,No
4450,Yes
4451,No
4452,Yes
4453,No
4454,Yes
4455,Yes
4456,Yes
4457,Yes
4458,No
4459,No
4460,No
4461,No
4462,Yes
4463,Yes
4464,Yes
4465,No
4466,No
4467,No
4468,No
4469,No
4470,No
4471,No
4472,Yes
4473,Yes
4474,No
4475,Yes
4476,No
4477,No
4478,Yes
4479,Yes
4480,Yes
4481,No
4482,Yes
4483,Yes
4484,No
4485,Yes
4486,Yes
4487,Yes
4488,Yes
4489,No
4490,Yes
4491,No
4492,No
4493,No
4494,No
4495,Yes
4496,No
4497,No
4498,No
4499,No
4500,Yes
4501,Yes
4502,No
4503,No
4504,No
4505,No
4506,No
4507,No
4508,Yes
4509,No
4510,No
4511,No
4512,No
4513,No
4514,Yes
4515,Yes
4516,No
4517,No
4518,Yes
4519,Yes
4520,No
4521,No
4522,Yes
4523,Yes
4524,No
4525,No
4526,No
4527,No
4528,Yes
4529,No
4530,No
4531,No
4532,No
4533,Yes
4534,Yes
4535,No
4536,Yes
4537,No
4538,No
4539,No
4540,No
4541,No
4542,Yes
4543,Yes
4544,No
4545,Yes
4546,No
4547,No
4548,No
4549,No
4550,No
4551,No
4552,No
4553,No
4554,No
4555,No
4556,No
4557,No
4558,No
4559,No
4560,No
4561,No
4562,No
4563,No
4564,No
4565,No
4566,No
4567,No
4568,No
4569,Yes
4570,No
4571,No
4572,No
4573,No
4574,No
4575,No
4576,No
4577,No
4578,No
4579,Yes
4580,No
4581,Yes
4582,Yes
4583,No
4584,No
4585,No
4586,No
4587,Yes
4588,No
4589,Yes
4590,No
4591,Yes
4592,No
4593,No
4594,No
4595,No
4596,Yes
4597,Yes
4598,No
4599,No
4600,No
4601,Yes
4602,No
4603,No
4604,No
4605,No
4606,Yes
4607,No
4608,No
4609,No
4610,No
4611,No
4612,Yes
4613,Yes
4614,Yes
4615,No
4616,No
4617,No
4618,No
4619,No
4620,Yes
4621,No
4622,Yes
4623,No
4624,No
4625,Yes
4626,Yes
4627,No
4628,No
4629,Yes
4630,Yes
4631,Yes
4632,No
4633,No
4634,No
4635,Yes
4636,No
4637,No
4638,Yes
4639,No
4640,No
4641,No
4642,No
4643,No
4644,No
4645,No
4646,No
4647,No
4648,No
4649,Yes
4650,Yes
4651,No
4652,No
4653,No
4654,No
4655,No
4656,No
4657,No
4658,No
4659,No
4660,No
4661,No
4662,No
4663,No
4664,Yes
4665,Yes
4666,No
4667,No
4668,Yes
4669,No
4670,No
4671,No
4672,No
4673,Yes
4674,No
4675,No
4676,No
4677,No
4678,No
4679,No
4680,No
4681,No
4682,No
4683,Yes
4684,No
4685,Yes
4686,No
4687,Yes
4688,Yes
4689,No
4690,No
4691,No
4692,No
4693,No
4694,No
4695,Yes
4696,No
4697,No
4698,No
4699,No
4700,No
4701,Yes
4702,No
4703,Yes
4704,No
4705,No
4706,Yes
4707,No
4708,No
4709,Yes
4710,No
4711,No
4712,No
4713,Yes
4714,No
4715,No
4716,Yes
4717,No
4718,No
4719,Yes
4720,No
4721,Yes
4722,Yes
4723,No
4724,Yes
4725,No
4726,No
4727,No
4728,No
4729,Yes
4730,No
4731,No
4732,Yes
4733,No
4734,No
4735,Yes
4736,No
4737,No
4738,Yes
4739,No
4740,No
4741,Yes
4742,No
4743,Yes
4744,No
4745,No
4746,No
4747,Yes
4748,No
4749,No
4750,No
4751,No
4752,No
4753,No
4754,No
4755,No
4756,Yes
4757,Yes
4758,Yes
4759,Yes
4760,No
4761,No
4762,Yes
4763,No
4764,Yes
4765,No
4766,No
4767,Yes
4768,Yes
4769,No
4770,No
4771,No
4772,No
4773,No
4774,No
4775,No
4776,Yes
4777,No
4778,No
4779,No
4780,Yes
4781,No
4782,Yes
4783,No
4784,No
4785,Yes
4786,No
4787,No
4788,No
4789,No
4790,No
4791,No
4792,Yes
4793,Yes
4794,No
4795,No
4796,No
4797,No
4798,No
4799,No
4800,No
4801,No
4802,No
4803,No
4804,Yes
4805,No
4806,No
4807,No
4808,No
4809,No
4810,No
4811,No
4812,No
4813,Yes
4814,Yes
4815,No
4816,No
4817,No
4818,No
4819,No
4820,No
4821,Yes
4822,No
4823,No
4824,No
4825,No
4826,No
4827,No
4828,Yes
4829,No
4830,No
4831,No
4832,No
4833,No
4834,No
4835,Yes
4836,No
4837,No
4838,No
4839,Yes
4840,Yes
4841,No
4842,No
4843,No
4844,No
4845,No
4846,No
4847,Yes
4848,No
4849,No
4850,No
4851,No
4852,No
4853,Yes
4854,Yes
4855,Yes
4856,No
4857,Yes
4858,No
4859,No
4860,No
4861,No
4862,No
4863,No
4864,No
4865,Yes
4866,No
4867,No
4868,Yes
4869,No
4870,Yes
4871,No
4872,No
4873,No
4874,No
4875,No
4876,Yes
4877,Yes
4878,No
4879,Yes
4880,No
4881,Yes
4882,No
4883,No
4884,Yes
4885,No
4886,No
4887,No
4888,No
4889,Yes
4890,No
4891,Yes
4892,No
4893,Yes
4894,No
4895,Yes
4896,No
4897,No
4898,No
4899,No
4900,No
4901,Yes
4902,Yes
4903,No
4904,No
4905,No
4906,Yes
4907,Yes
4908,No
4909,No
4910,No
4911,No
4912,No
4913,No
4914,No
4915,No
4916,Yes
4917,No
4918,Yes
4919,No
4920,Yes
4921,Yes
4922,No
4923,No
4924,Yes
4925,No
4926,No
4927,Yes
4928,No
4929,No
4930,No
4931,No
4932,No
4933,Yes
4934,Yes
4935,Yes
4936,No
4937,No
4938,No
4939,No
4940,No
4941,No
4942,No
4943,Yes
4944,No
4945,Yes
4946,Yes
4947,No
4948,No
4949,Yes
4950,No
4951,No
4952,No
4953,No
4954,No
4955,No
4956,No
4957,No
4958,Yes
4959,Yes
4960,No
4961,No
4962,No
4963,No
4964,No
4965,No
4966,No
4967,No
4968,No
4969,Yes
4970,Yes
4971,No
4972,Yes
4973,No
4974,No
4975,Yes
4976,No
4977,Yes
4978,Yes
4979,No
4980,No
4981,No
4982,Yes
4983,No
4984,Yes
4985,No
4986,No
4987,Yes
4988,No
4989,No
4990,No
4991,Yes
4992,Yes
4993,No
4994,No
4995,No
4996,Yes
4997,No
4998,No
4999,No
5000,No
