customer_id,monthly_revenue
1,20
2,70
3,70
4,70
5,70
6,70
7,70
8,40
9,40
10,20
11,40
12,70
13,40
14,20
15,70
16,40
17,40
18,20
19,70
20,20
21,70
22,70
23,40
24,20
25,20
26,20
27,70
28,20
29,70
30,20
31,20
32,40
33,20
34,40
35,40
36,70
37,20
38,20
39,20
40,40
41,20
42,70
43,70
44,20
45,40
46,70
47,70
48,40
49,70
50,40
51,70
52,40
53,70
54,20
55,70
56,70
57,20
58,20
59,20
60,20
61,40
62,40
63,70
64,70
65,70
66,40
67,70
68,70
69,40
70,70
71,40
72,40
73,20
74,20
75,40
76,40
77,20
78,70
79,70
80,70
81,40
82,20
83,70
84,20
85,20
86,40
87,70
88,20
89,40
90,40
91,40
92,70
93,70
94,40
95,70
96,70
97,20
98,40
99,40
100,70
101,40
102,40
103,40
104,70
105,70
106,70
107,20
108,40
109,20
110,70
111,20
112,40
113,40
114,70
115,70
116,20
117,70
118,20
119,40
120,40
121,40
122,40
123,40
124,20
125,40
126,20
127,40
128,20
129,20
130,20
131,70
132,20
133,20
134,40
135,20
136,20
137,70
138,40
139,70
140,70
141,70
142,20
143,70
144,70
145,40
146,40
147,40
148,40
149,70
150,40
151,20
152,70
153,40
154,70
155,40
156,70
157,40
158,20
159,40
160,70
161,70
162,20
163,70
164,20
165,70
166,70
167,20
168,70
169,70
170,20
171,40
172,20
173,70
174,40
175,40
176,40
177,20
178,40
179,40
180,40
181,70
182,20
183,20
184,70
185,40
186,70
187,70
188,40
189,40
190,20
191,40
192,70
193,70
194,40
195,20
196,70
197,40
198,20
199,20
200,70
201,70
202,20
203,20
204,20
205,40
206,70
207,20
208,70
209,70
210,70
211,20
212,40
213,20
214,70
215,20
216,20
217,70
218,70
219,20
220,20
221,20
222,20
223,40
224,20
225,40
226,70
227,40
228,70
229,40
230,70
231,20
232,40
233,40
234,70
235,70
236,40
237,70
238,20
239,40
240,20
241,40
242,20
243,40
244,70
245,40
246,20
247,40
248,20
249,20
250,20
251,70
252,40
253,20
254,70
255,20
256,40
257,70
258,20
259,20
260,20
261,40
262,70
263,70
264,70
265,20
266,70
267,20
268,40
269,70
270,20
271,70
272,70
273,40
274,70
275,40
276,70
277,70
278,70
279,70
280,70
281,70
282,40
283,40
284,20
285,70
286,40
287,70
288,70
289,40
290,70
291,40
292,40
293,20
294,20
295,20
296,20
297,70
298,70
299,20
300,40
301,40
302,40
303,40
304,70
305,40
306,40
307,20
308,40
309,70
310,40
311,40
312,70
313,20
314,70
315,20
316,40
317,20
318,20
319,20
320,40
321,20
322,20
323,40
324,70
325,70
326,70
327,40
328,40
329,70
330,20
331,70
332,40
333,20
334,20
335,40
336,20
337,70
338,40
339,40
340,40
341,40
342,20
343,40
344,40
345,20
346,40
347,20
348,20
349,40
350,70
351,40
352,70
353,20
354,70
355,40
356,40
357,70
358,40
359,70
360,20
361,70
362,70
363,70
364,70
365,20
366,20
367,20
368,70
369,20
370,40
371,20
372,70
373,40
374,70
375,40
376,70
377,70
378,40
379,20
380,40
381,40
382,40
383,40
384,40
385,70
386,70
387,20
388,20
389,40
390,20
391,20
392,40
393,70
394,70
395,20
396,70
397,70
398,20
399,40
400,20
401,20
402,20
403,40
404,40
405,40
406,40
407,20
408,70
409,20
410,40
411,70
412,20
413,70
414,40
415,70
416,70
417,40
418,70
419,20
420,70
421,20
422,70
423,70
424,40
425,40
426,20
427,40
428,40
429,40
430,40
431,40
432,20
433,20
434,40
435,40
436,20
437,70
438,20
439,70
440,40
441,40
442,20
443,40
444,70
445,70
446,20
447,70
448,20
449,20
450,70
451,70
452,70
453,70
454,70
455,70
456,70
457,40
458,20
459,20
460,70
461,20
462,70
463,40
464,20
465,20
466,40
467,40
468,40
469,20
470,20
471,40
472,40
473,40
474,40
475,40
476,70
477,40
478,70
479,20
480,20
481,70
482,40
483,20
484,40
485,40
486,70
487,20
488,20
489,70
490,40
491,40
492,20
493,70
494,70
495,40
496,40
497,70
498,20
499,40
500,70
501,70
502,70
503,20
504,40
505,40
506,40
507,20
508,40
509,40
510,40
511,40
512,20
513,70
514,70
515,40
516,40
517,40
518,20
519,40
520,20
521,40
522,40
523,70
524,40
525,20
526,70
527,20
528,70
529,20
530,70
531,20
532,20
533,40
534,70
535,70
536,40
537,20
538,20
539,70
540,20
541,70
542,70
543,20
544,20
545,20
546,40
547,70
548,20
549,40
550,20
551,70
552,40
553,70
554,20
555,20
556,20
557,40
558,40
559,40
560,40
561,20
562,20
563,20
564,40
565,40
566,20
567,20
568,40
569,70
570,20
571,20
572,20
573,40
574,20
575,20
576,20
577,20
578,20
579,70
580,70
581,20
582,20
583,20
584,20
585,40
586,40
587,40
588,70
589,20
590,40
591,20
592,20
593,70
594,70
595,40
596,40
597,70
598,70
599,20
600,20
601,40
602,40
603,70
604,40
605,20
606,70
607,20
608,70
609,70
610,20
611,40
612,40
613,40
614,40
615,20
616,70
617,20
618,40
619,40
620,20
621,70
622,20
623,20
624,20
625,70
626,20
627,20
628,40
629,20
630,40
631,40
632,40
633,70
634,40
635,20
636,20
637,40
638,40
639,20
640,40
641,70
642,40
643,70
644,70
645,70
646,40
647,70
648,70
649,40
650,70
651,40
652,20
653,70
654,40
655,20
656,70
657,70
658,40
659,20
660,40
661,70
662,70
663,70
664,70
665,20
666,20
667,40
668,40
669,40
670,70
671,40
672,20
673,40
674,40
675,20
676,20
677,70
678,20
679,20
680,40
681,20
682,70
683,40
684,70
685,20
686,70
687,70
688,20
689,20
690,40
691,40
692,40
693,20
694,70
695,70
696,40
697,40
698,20
699,70
700,40
701,20
702,40
703,20
704,70
705,20
706,40
707,40
708,70
709,70
710,40
711,40
712,40
713,70
714,40
715,70
716,40
717,20
718,20
719,40
720,20
721,70
722,20
723,20
724,70
725,20
726,20
727,40
728,70
729,70
730,40
731,40
732,20
733,20
734,20
735,40
736,70
737,20
738,40
739,70
740,40
741,20
742,40
743,40
744,40
745,40
746,70
747,20
748,70
749,40
750,40
751,20
752,20
753,70
754,70
755,20
756,70
757,40
758,40
759,20
760,70
761,40
762,20
763,70
764,40
765,70
766,70
767,70
768,20
769,40
770,20
771,40
772,40
773,20
774,20
775,40
776,40
777,40
778,70
779,40
780,20
781,20
782,20
783,40
784,40
785,70
786,70
787,20
788,70
789,70
790,20
791,40
792,70
793,40
794,20
795,20
796,70
797,20
798,20
799,20
800,70
801,70
802,70
803,20
804,40
805,20
806,70
807,40
808,40
809,70
810,40
811,40
812,70
813,40
814,40
815,70
816,40
817,40
818,40
819,40
820,70
821,20
822,20
823,40
824,70
825,70
826,40
827,20
828,40
829,70
830,70
831,20
832,70
833,70
834,70
835,20
836,70
837,40
838,20
839,40
840,40
841,20
842,40
843,20
844,40
845,20
846,70
847,70
848,40
849,70
850,20
851,40
852,70
853,70
854,40
855,70
856,70
857,40
858,70
859,70
860,70
861,70
862,40
863,20
864,20
865,70
866,70
867,20
868,70
869,20
870,40
871,40
872,40
873,40
874,40
875,40
876,20
877,70
878,20
879,40
880,70
881,70
882,40
883,40
884,40
885,40
886,40
887,40
888,70
889,40
890,40
891,70
892,20
893,40
894,70
895,70
896,20
897,40
898,40
899,40
900,70
901,40
902,40
903,40
904,40
905,20
906,20
907,20
908,40
909,40
910,70
911,70
912,70
913,40
914,20
915,20
916,20
917,40
918,20
919,70
920,70
921,20
922,70
923,20
924,20
925,70
926,70
927,70
928,70
929,20
930,70
931,70
932,40
933,70
934,70
935,20
936,20
937,40
938,70
939,70
940,70
941,70
942,70
943,70
944,40
945,70
946,70
947,70
948,40
949,70
950,40
951,20
952,70
953,40
954,20
955,40
956,40
957,20
958,70
959,70
960,40
961,20
962,70
963,40
964,20
965,40
966,20
967,70
968,70
969,40
970,70
971,70
972,20
973,70
974,20
975,20
976,40
977,20
978,70
979,20
980,20
981,40
982,70
983,70
984,70
985,20
986,70
987,70
988,20
989,40
990,40
991,20
992,40
993,40
994,40
995,70
996,40
997,70
998,40
999,70
1000,20
1001,20
1002,40
1003,70
1004,20
1005,20
1006,20
1007,20
1008,40
1009,70
1010,20
1011,40
1012,20
1013,20
1014,20
1015,20
1016,40
1017,70
1018,40
1019,40
1020,40
1021,20
1022,70
1023,20
1024,40
1025,20
1026,70
1027,70
1028,20
1029,40
1030,20
1031,40
1032,70
1033,20
1034,70
1035,40
1036,40
1037,20
1038,20
1039,20
1040,70
1041,40
1042,40
1043,70
1044,20
1045,20
1046,70
1047,40
1048,40
1049,40
1050,40
1051,70
1052,40
1053,70
1054,20
1055,70
1056,40
1057,20
1058,70
1059,70
1060,70
1061,20
1062,70
1063,40
1064,20
1065,20
1066,70
1067,40
1068,20
1069,70
1070,40
1071,70
1072,70
1073,20
1074,20
1075,70
1076,20
1077,20
1078,40
1079,40
1080,70
1081,70
1082,70
1083,70
1084,40
1085,20
1086,40
1087,70
1088,70
1089,40
1090,40
1091,70
1092,20
1093,70
1094,40
1095,70
1096,70
1097,20
1098,70
1099,70
1100,70
1101,40
1102,40
1103,20
1104,70
1105,40
1106,20
1107,70
1108,20
1109,20
1110,20
1111,20
1112,20
1113,20
1114,20
1115,70
1116,70
1117,20
1118,70
1119,20
1120,70
1121,40
1122,20
1123,40
1124,20
1125,20
1126,40
1127,40
1128,40
1129,20
1130,40
1131,40
1132,70
1133,70
1134,40
1135,40
1136,40
1137,40
1138,70
1139,20
1140,40
1141,40
1142,70
1143,40
1144,40
1145,70
1146,40
1147,40
1148,70
1149,20
1150,40
1151,40
1152,20
1153,70
1154,20
1155,40
1156,20
1157,70
1158,40
1159,70
1160,70
1161,20
1162,20
1163,70
1164,70
1165,40
1166,70
1167,70
1168,20
1169,70
1170,70
1171,20
1172,40
1173,20
1174,20
1175,70
1176,70
1177,40
1178,70
1179,40
1180,40
1181,40
1182,40
1183,70
1184,20
1185,20
1186,70
1187,70
1188,40
1189,70
1190,20
1191,70
1192,70
1193,40
1194,40
1195,40
1196,40
1197,20
1198,70
1199,70
1200,40
1201,20
1202,20
1203,70
1204,40
1205,70
1206,70
1207,20
1208,20
1209,70
1210,40
1211,40
1212,70
1213,70
1214,40
1215,40
1216,40
1217,70
1218,20
1219,40
1220,40
1221,40
1222,70
1223,20
1224,20
1225,40
1226,70
1227,20
1228,70
1229,20
1230,40
1231,70
1232,40
1233,20
1234,20
1235,40
1236,20
1237,40
1238,40
1239,40
1240,20
1241,70
1242,40
1243,70
1244,20
1245,20
1246,70
1247,40
1248,20
1249,40
1250,40
1251,70
1252,20
1253,70
1254,20
1255,70
1256,20
1257,20
1258,20
1259,40
1260,40
1261,70
1262,70
1263,20
1264,20
1265,40
1266,40
1267,40
1268,70
1269,40
1270,70
1271,40
1272,40
1273,20
1274,70
1275,40
1276,20
1277,70
1278,70
1279,40
1280,70
1281,20
1282,20
1283,70
1284,20
1285,70
1286,20
1287,70
1288,70
1289,70
1290,20
1291,70
1292,70
1293,40
1294,40
1295,70
1296,40
1297,70
1298,40
1299,20
1300,20
1301,70
1302,70
1303,20
1304,20
1305,40
1306,70
1307,20
1308,20
1309,70
1310,40
1311,40
1312,40
1313,40
1314,20
1315,70
1316,70
1317,20
1318,20
1319,20
1320,70
1321,70
1322,70
1323,40
1324,20
1325,20
1326,20
1327,70
1328,20
1329,20
1330,40
1331,70
1332,20
1333,70
1334,70
1335,70
1336,40
1337,70
1338,70
1339,70
1340,20
1341,40
1342,20
1343,40
1344,40
1345,70
1346,70
1347,20
1348,40
1349,70
1350,70
1351,70
1352,70
1353,20
1354,20
1355,70
1356,70
1357,70
1358,70
1359,70
1360,40
1361,40
1362,40
1363,40
1364,70
1365,40
1366,40
1367,20
1368,40
1369,40
1370,70
1371,40
1372,40
1373,70
1374,40
1375,70
1376,40
1377,20
1378,20
1379,40
1380,20
1381,70
1382,40
1383,70
1384,20
1385,70
1386,20
1387,20
1388,20
1389,70
1390,20
1391,40
1392,20
1393,40
1394,40
1395,40
1396,40
1397,70
1398,40
1399,20
1400,40
1401,20
1402,70
1403,40
1404,20
1405,70
1406,70
1407,20
1408,40
1409,70
1410,20
1411,40
1412,70
1413,20
1414,70
1415,70
1416,20
1417,70
1418,20
1419,40
1420,20
1421,40
1422,70
1423,20
1424,20
1425,20
1426,20
1427,40
1428,40
1429,70
1430,70
1431,70
1432,70
1433,20
1434,40
1435,40
1436,40
1437,40
1438,70
1439,20
1440,40
1441,20
1442,20
1443,20
1444,20
1445,40
1446,40
1447,40
1448,70
1449,40
1450,70
1451,70
1452,70
1453,40
1454,40
1455,40
1456,70
1457,70
1458,20
1459,70
1460,70
1461,40
1462,20
1463,20
1464,20
1465,40
1466,20
1467,20
1468,40
1469,20
1470,70
1471,70
1472,70
1473,70
1474,70
1475,70
1476,70
1477,70
1478,70
1479,40
1480,40
1481,70
1482,40
1483,40
1484,70
1485,70
1486,40
1487,70
1488,70
1489,70
1490,70
1491,40
1492,20
1493,40
1494,20
1495,20
1496,20
1497,40
1498,40
1499,40
1500,40
1501,40
1502,20
1503,40
1504,20
1505,40
1506,40
1507,70
1508,20
1509,40
1510,40
1511,40
1512,70
1513,20
1514,40
1515,40
1516,40
1517,70
1518,40
1519,20
1520,20
1521,20
1522,20
1523,40
1524,70
1525,70
1526,70
1527,40
1528,70
1529,20
1530,40
1531,70
1532,20
1533,20
1534,40
1535,40
1536,70
1537,70
1538,70
1539,40
1540,70
1541,70
1542,20
1543,20
1544,20
1545,70
1546,40
1547,20
1548,40
1549,70
1550,70
1551,20
1552,40
1553,20
1554,70
1555,40
1556,20
1557,70
1558,20
1559,40
1560,40
1561,40
1562,40
1563,40
1564,20
1565,20
1566,20
1567,20
1568,70
1569,70
1570,20
1571,70
1572,70
1573,40
1574,20
1575,70
1576,70
1577,20
1578,40
1579,20
1580,40
1581,70
1582,40
1583,40
1584,20
1585,70
1586,20
1587,20
1588,70
1589,20
1590,20
1591,40
1592,20
1593,70
1594,20
1595,40
1596,20
1597,20
1598,20
1599,40
1600,70
1601,70
1602,40
1603,40
1604,20
1605,70
1606,40
1607,70
1608,20
1609,40
1610,70
1611,70
1612,20
1613,40
1614,70
1615,20
1616,70
1617,20
1618,70
1619,70
1620,20
1621,40
1622,20
1623,40
1624,70
1625,70
1626,20
1627,20
1628,40
1629,40
1630,40
1631,20
1632,70
1633,20
1634,70
1635,20
1636,20
1637,40
1638,70
1639,20
1640,20
1641,70
1642,20
1643,70
1644,40
1645,40
1646,70
1647,40
1648,70
1649,20
1650,20
1651,70
1652,20
1653,40
1654,20
1655,20
1656,70
1657,40
1658,20
1659,20
1660,70
1661,70
1662,40
1663,20
1664,70
1665,70
1666,70
1667,40
1668,70
1669,40
1670,40
1671,20
1672,20
1673,40
1674,20
1675,20
1676,70
1677,20
1678,40
1679,20
1680,70
1681,40
1682,20
1683,40
1684,20
1685,70
1686,20
1687,40
1688,40
1689,40
1690,20
1691,20
1692,20
1693,70
1694,70
1695,70
1696,40
1697,40
1698,40
1699,40
1700,40
1701,20
1702,40
1703,20
1704,70
1705,70
1706,70
1707,70
1708,70
1709,40
1710,40
1711,40
1712,70
1713,70
1714,20
1715,40
1716,70
1717,70
1718,70
1719,20
1720,70
1721,20
1722,20
1723,40
1724,70
1725,20
1726,70
1727,40
1728,40
1729,20
1730,40
1731,40
1732,40
1733,70
1734,70
1735,20
1736,20
1737,40
1738,40
1739,20
1740,40
1741,20
1742,70
1743,40
1744,40
1745,40
1746,70
1747,70
1748,40
1749,20
1750,70
1751,40
1752,40
1753,70
1754,20
1755,40
1756,20
1757,20
1758,70
1759,40
1760,40
1761,20
1762,70
1763,70
1764,70
1765,20
1766,20
1767,40
1768,70
1769,20
1770,70
1771,20
1772,40
1773,70
1774,20
1775,70
1776,20
1777,20
1778,20
1779,70
1780,20
1781,40
1782,70
1783,40
1784,40
1785,70
1786,20
1787,40
1788,70
1789,20
1790,70
1791,70
1792,70
1793,20
1794,40
1795,40
1796,70
1797,70
1798,20
1799,70
1800,70
1801,70
1802,40
1803,70
1804,40
1805,20
1806,20
1807,40
1808,40
1809,40
1810,40
1811,70
1812,40
1813,40
1814,40
1815,70
1816,70
1817,70
1818,20
1819,70
1820,40
1821,70
1822,70
1823,40
1824,70
1825,20
1826,70
1827,20
1828,20
1829,20
1830,40
1831,70
1832,20
1833,20
1834,70
1835,40
1836,40
1837,20
1838,40
1839,70
1840,40
1841,70
1842,20
1843,70
1844,20
1845,70
1846,70
1847,40
1848,70
1849,20
1850,70
1851,20
1852,20
1853,70
1854,40
1855,70
1856,70
1857,40
1858,20
1859,70
1860,40
1861,40
1862,20
1863,40
1864,20
1865,70
1866,40
1867,70
1868,40
1869,40
1870,70
1871,40
1872,70
1873,70
1874,20
1875,70
1876,20
1877,70
1878,40
1879,70
1880,40
1881,20
1882,40
1883,70
1884,40
1885,20
1886,40
1887,40
1888,70
1889,70
1890,40
1891,20
1892,40
1893,20
1894,20
1895,20
1896,40
1897,20
1898,40
1899,20
1900,20
1901,40
1902,70
1903,70
1904,40
1905,40
1906,70
1907,70
1908,70
1909,40
1910,20
1911,40
1912,70
1913,20
1914,40
1915,70
1916,40
1917,20
1918,70
1919,40
1920,20
1921,20
1922,40
1923,20
1924,70
1925,20
1926,40
1927,70
1928,20
1929,20
1930,70
1931,70
1932,20
1933,70
1934,40
1935,20
1936,40
1937,20
1938,40
1939,40
1940,70
1941,20
1942,70
1943,70
1944,20
1945,40
1946,20
1947,20
1948,20
1949,70
1950,20
1951,20
1952,20
1953,40
1954,40
1955,40
1956,40
1957,70
1958,70
1959,20
1960,70
1961,40
1962,20
1963,20
1964,40
1965,40
1966,40
1967,70
1968,20
1969,40
1970,20
1971,20
1972,70
1973,20
1974,40
1975,40
1976,20
1977,20
1978,70
1979,40
1980,40
1981,20
1982,20
1983,20
1984,40
1985,20
1986,70
1987,70
1988,20
1989,70
1990,70
1991,70
1992,70
1993,70
1994,40
1995,20
1996,70
1997,20
1998,70
1999,40
2000,40
2001,70
2002,70
2003,70
2004,40
2005,40
2006,20
2007,40
2008,70
2009,20
2010,40
2011,40
2012,70
2013,20
2014,40
2015,40
2016,70
2017,20
2018,20
2019,20
2020,20
2021,70
2022,40
2023,40
2024,20
2025,20
2026,20
2027,40
2028,40
2029,20
2030,70
2031,40
2032,40
2033,20
2034,70
2035,20
2036,20
2037,70
2038,70
2039,70
2040,40
2041,20
2042,40
2043,70
2044,40
2045,70
2046,70
2047,20
2048,20
2049,20
2050,40
2051,20
2052,70
2053,20
2054,40
2055,20
2056,20
2057,20
2058,40
2059,70
2060,70
2061,70
2062,20
2063,20
2064,40
2065,70
2066,20
2067,20
2068,20
2069,40
2070,70
2071,40
2072,70
2073,70
2074,20
2075,20
2076,20
2077,20
2078,20
2079,70
2080,20
2081,20
2082,40
2083,40
2084,70
2085,70
2086,40
2087,40
2088,20
2089,20
2090,70
2091,40
2092,70
2093,20
2094,70
2095,70
2096,70
2097,20
2098,70
2099,20
2100,40
2101,70
2102,70
2103,20
2104,70
2105,20
2106,70
2107,40
2108,40
2109,40
2110,70
2111,70
2112,40
2113,40
2114,20
2115,20
2116,40
2117,40
2118,70
2119,40
2120,20
2121,20
2122,20
2123,20
2124,20
2125,20
2126,40
2127,20
2128,20
2129,20
2130,20
2131,40
2132,70
2133,70
2134,70
2135,70
2136,20
2137,70
2138,70
2139,40
2140,40
2141,40
2142,20
2143,20
2144,20
2145,40
2146,70
2147,40
2148,20
2149,40
2150,70
2151,20
2152,70
2153,70
2154,20
2155,70
2156,40
2157,70
2158,70
2159,70
2160,40
2161,70
2162,70
2163,40
2164,20
2165,20
2166,20
2167,70
2168,20
2169,40
2170,70
2171,70
2172,70
2173,20
2174,20
2175,20
2176,70
2177,40
2178,70
2179,40
2180,70
2181,40
2182,70
2183,70
2184,40
2185,40
2186,40
2187,40
2188,40
2189,40
2190,40
2191,40
2192,70
2193,40
2194,40
2195,70
2196,70
2197,20
2198,20
2199,40
2200,40
2201,20
2202,20
2203,40
2204,20
2205,40
2206,70
2207,70
2208,20
2209,70
2210,70
2211,70
2212,70
2213,40
2214,40
2215,20
2216,70
2217,70
2218,70
2219,20
2220,40
2221,70
2222,40
2223,20
2224,40
2225,70
2226,40
2227,40
2228,20
2229,20
2230,20
2231,20
2232,40
2233,40
2234,20
2235,20
2236,70
2237,70
2238,20
2239,40
2240,20
2241,40
2242,40
2243,70
2244,20
2245,20
2246,40
2247,20
2248,70
2249,70
2250,20
2251,20
2252,70
2253,20
2254,40
2255,20
2256,40
2257,20
2258,20
2259,70
2260,40
2261,70
2262,20
2263,70
2264,20
2265,20
2266,20
2267,40
2268,40
2269,40
2270,70
2271,20
2272,70
2273,70
2274,20
2275,70
2276,20
2277,20
2278,20
2279,20
2280,70
2281,70
2282,70
2283,40
2284,70
2285,70
2286,40
2287,20
2288,20
2289,20
2290,40
2291,70
2292,70
2293,70
2294,70
2295,40
2296,70
2297,20
2298,40
2299,40
2300,20
2301,20
2302,70
2303,20
2304,40
2305,40
2306,40
2307,70
2308,70
2309,20
2310,70
2311,70
2312,40
2313,40
2314,20
2315,40
2316,70
2317,20
2318,20
2319,40
2320,40
2321,40
2322,20
2323,40
2324,70
2325,20
2326,40
2327,70
2328,70
2329,40
2330,70
2331,20
2332,20
2333,70
2334,20
2335,40
2336,70
2337,20
2338,40
2339,40
2340,20
2341,70
2342,40
2343,40
2344,40
2345,40
2346,70
2347,20
2348,20
2349,20
2350,40
2351,70
2352,20
2353,70
2354,20
2355,40
2356,20
2357,40
2358,40
2359,20
2360,70
2361,40
2362,70
2363,20
2364,40
2365,70
2366,40
2367,20
2368,40
2369,20
2370,70
2371,40
2372,70
2373,20
2374,20
2375,70
2376,70
2377,20
2378,70
2379,20
2380,70
2381,20
2382,20
2383,40
2384,20
2385,20
2386,40
2387,40
2388,70
2389,70
2390,20
2391,70
2392,70
2393,20
2394,40
2395,40
2396,20
2397,20
2398,20
2399,20
2400,20
2401,20
2402,70
2403,70
2404,70
2405,40
2406,20
2407,20
2408,70
2409,40
2410,70
2411,20
2412,20
2413,70
2414,70
2415,20
2416,70
2417,20
2418,70
2419,40
2420,20
2421,40
2422,70
2423,40
2424,70
2425,40
2426,40
2427,40
2428,20
2429,40
2430,70
2431,70
2432,20
2433,20
2434,70
2435,40
2436,70
2437,20
2438,20
2439,70
2440,40
2441,40
2442,20
2443,70
2444,70
2445,20
2446,70
2447,20
2448,40
2449,40
2450,70
2451,40
2452,40
2453,20
2454,20
2455,70
2456,20
2457,70
2458,70
2459,20
2460,40
2461,40
2462,40
2463,40
2464,70
2465,40
2466,70
2467,20
2468,20
2469,70
2470,40
2471,70
2472,40
2473,40
2474,70
2475,70
2476,40
2477,70
2478,40
2479,70
2480,20
2481,40
2482,20
2483,70
2484,20
2485,70
2486,40
2487,70
2488,70
2489,40
2490,70
2491,40
2492,70
2493,40
2494,20
2495,70
2496,70
2497,70
2498,40
2499,70
2500,40
2501,70
2502,20
2503,70
2504,20
2505,40
2506,20
2507,70
2508,70
2509,40
2510,70
2511,70
2512,40
2513,40
2514,20
2515,40
2516,70
2517,40
2518,70
2519,20
2520,40
2521,70
2522,40
2523,40
2524,40
2525,40
2526,20
2527,70
2528,40
2529,70
2530,20
2531,70
2532,70
2533,20
2534,40
2535,70
2536,70
2537,40
2538,40
2539,70
2540,20
2541,40
2542,40
2543,20
2544,70
2545,40
2546,70
2547,70
2548,70
2549,20
2550,70
2551,70
2552,40
2553,40
2554,20
2555,20
2556,40
2557,40
2558,20
2559,70
2560,20
2561,70
2562,40
2563,40
2564,40
2565,70
2566,20
2567,70
2568,20
2569,20
2570,20
2571,40
2572,20
2573,40
2574,20
2575,20
2576,40
2577,40
2578,70
2579,20
2580,40
2581,70
2582,70
2583,40
2584,20
2585,70
2586,20
2587,20
2588,70
2589,40
2590,20
2591,40
2592,70
2593,20
2594,40
2595,40
2596,20
2597,40
2598,40
2599,70
2600,70
2601,40
2602,40
2603,20
2604,70
2605,20
2606,40
2607,20
2608,40
2609,70
2610,70
2611,40
2612,70
2613,40
2614,20
2615,40
2616,20
2617,40
2618,70
2619,40
2620,40
2621,40
2622,70
2623,40
2624,70
2625,40
2626,20
2627,40
2628,20
2629,70
2630,70
2631,40
2632,70
2633,40
2634,70
2635,20
2636,70
2637,20
2638,40
2639,40
2640,40
2641,20
2642,40
2643,40
2644,20
2645,70
2646,40
2647,70
2648,70
2649,40
2650,40
2651,20
2652,20
2653,40
2654,70
2655,20
2656,20
2657,40
2658,40
2659,40
2660,40
2661,20
2662,20
2663,20
2664,70
2665,20
2666,20
2667,40
2668,20
2669,20
2670,20
2671,40
2672,20
2673,20
2674,70
2675,70
2676,70
2677,70
2678,40
2679,70
2680,20
2681,70
2682,40
2683,70
2684,70
2685,40
2686,40
2687,40
2688,40
2689,40
2690,40
2691,20
2692,70
2693,70
2694,40
2695,40
2696,20
2697,20
2698,40
2699,20
2700,20
2701,40
2702,40
2703,40
2704,40
2705,70
2706,70
2707,40
2708,20
2709,40
2710,70
2711,20
2712,70
2713,40
2714,70
2715,70
2716,70
2717,20
2718,70
2719,20
2720,40
2721,40
2722,70
2723,20
2724,40
2725,20
2726,20
2727,70
2728,70
2729,20
2730,20
2731,70
2732,20
2733,70
2734,20
2735,70
2736,20
2737,70
2738,20
2739,40
2740,40
2741,20
2742,40
2743,20
2744,20
2745,40
2746,20
2747,70
2748,20
2749,20
2750,40
2751,70
2752,20
2753,20
2754,20
2755,20
2756,20
2757,20
2758,70
2759,70
2760,20
2761,20
2762,40
2763,70
2764,70
2765,20
2766,70
2767,70
2768,40
2769,40
2770,70
2771,70
2772,70
2773,20
2774,40
2775,20
2776,40
2777,40
2778,40
2779,70
2780,40
2781,20
2782,40
2783,20
2784,40
2785,40
2786,70
2787,20
2788,40
2789,40
2790,20
2791,40
2792,70
2793,20
2794,70
2795,20
2796,20
2797,20
2798,40
2799,20
2800,20
2801,20
2802,70
2803,20
2804,40
2805,20
2806,20
2807,70
2808,40
2809,40
2810,40
2811,20
2812,20
2813,40
2814,40
2815,70
2816,40
2817,20
2818,20
2819,20
2820,70
2821,40
2822,20
2823,70
2824,70
2825,20
2826,70
2827,70
2828,20
2829,70
2830,20
2831,20
2832,70
2833,20
2834,20
2835,40
2836,20
2837,40
2838,40
2839,40
2840,40
2841,70
2842,70
2843,20
2844,20
2845,20
2846,70
2847,40
2848,70
2849,70
2850,20
2851,20
2852,20
2853,40
2854,40
2855,70
2856,40
2857,20
2858,40
2859,40
2860,40
2861,40
2862,20
2863,20
2864,70
2865,70
2866,70
2867,40
2868,40
2869,20
2870,70
2871,20
2872,70
2873,70
2874,70
2875,40
2876,70
2877,70
2878,40
2879,70
2880,40
2881,40
2882,20
2883,40
2884,40
2885,40
2886,70
2887,20
2888,70
2889,40
2890,40
2891,20
2892,20
2893,40
2894,40
2895,70
2896,40
2897,70
2898,20
2899,70
2900,40
2901,70
2902,70
2903,20
2904,70
2905,40
2906,70
2907,70
2908,70
2909,40
2910,70
2911,40
2912,70
2913,20
2914,20
2915,20
2916,40
2917,40
2918,40
2919,70
2920,40
2921,40
2922,40
2923,40
2924,20
2925,70
2926,20
2927,70
2928,70
2929,20
2930,40
2931,20
2932,70
2933,70
2934,40
2935,20
2936,70
2937,20
2938,40
2939,40
2940,70
2941,40
2942,70
2943,70
2944,40
2945,40
2946,20
2947,20
2948,70
2949,20
2950,70
2951,40
2952,40
2953,20
2954,70
2955,70
2956,20
2957,70
2958,70
2959,40
2960,70
2961,70
2962,70
2963,20
2964,20
2965,20
2966,70
2967,70
2968,20
2969,20
2970,70
2971,70
2972,40
2973,20
2974,70
2975,20
2976,20
2977,20
2978,40
2979,70
2980,70
2981,20
2982,70
2983,40
2984,20
2985,40
2986,40
2987,70
2988,70
2989,40
2990,70
2991,40
2992,40
2993,20
2994,40
2995,40
2996,70
2997,20
2998,70
2999,20
3000,70
3001,40
3002,20
3003,20
3004,20
3005,20
3006,70
3007,70
3008,20
3009,20
3010,20
3011,70
3012,20
3013,20
3014,20
3015,70
3016,40
3017,40
3018,70
3019,40
3020,20
3021,20
3022,70
3023,70
3024,40
3025,40
3026,20
3027,70
3028,40
3029,40
3030,20
3031,20
3032,20
3033,20
3034,40
3035,70
3036,70
3037,20
3038,20
3039,40
3040,20
3041,70
3042,20
3043,70
3044,20
3045,20
3046,70
3047,40
3048,40
3049,20
3050,20
3051,70
3052,70
3053,20
3054,70
3055,40
3056,40
3057,70
3058,70
3059,70
3060,40
3061,20
3062,70
3063,70
3064,70
3065,20
3066,70
3067,70
3068,40
3069,70
3070,40
3071,20
3072,70
3073,70
3074,40
3075,20
3076,20
3077,40
3078,20
3079,20
3080,20
3081,20
3082,20
3083,20
3084,20
3085,20
3086,70
3087,40
3088,20
3089,40
3090,20
3091,20
3092,70
3093,40
3094,40
3095,70
3096,70
3097,40
3098,20
3099,20
3100,40
3101,20
3102,70
3103,70
3104,70
3105,40
3106,40
3107,40
3108,20
3109,40
3110,40
3111,70
3112,20
3113,20
3114,70
3115,20
3116,40
3117,20
3118,70
3119,20
3120,70
3121,40
3122,40
3123,70
3124,40
3125,40
3126,20
3127,40
3128,70
3129,40
3130,20
3131,70
3132,40
3133,40
3134,40
3135,70
3136,20
3137,70
3138,70
3139,20
3140,70
3141,70
3142,40
3143,70
3144,40
3145,70
3146,40
3147,40
3148,40
3149,20
3150,70
3151,70
3152,70
3153,20
3154,40
3155,70
3156,20
3157,20
3158,70
3159,40
3160,20
3161,70
3162,40
3163,20
3164,20
3165,70
3166,70
3167,40
3168,70
3169,70
3170,40
3171,70
3172,40
3173,40
3174,40
3175,70
3176,40
3177,70
3178,40
3179,70
3180,40
3181,20
3182,20
3183,20
3184,40
3185,70
3186,40
3187,40
3188,40
3189,40
3190,70
3191,40
3192,20
3193,20
3194,20
3195,40
3196,70
3197,70
3198,70
3199,40
3200,70
3201,20
3202,70
3203,40
3204,40
3205,70
3206,40
3207,70
3208,70
3209,20
3210,40
3211,20
3212,40
3213,70
3214,40
3215,70
3216,40
3217,20
3218,20
3219,70
3220,20
3221,70
3222,70
3223,70
3224,40
3225,70
3226,20
3227,40
3228,20
3229,70
3230,70
3231,20
3232,40
3233,20
3234,70
3235,40
3236,70
3237,70
3238,20
3239,70
3240,20
3241,40
3242,70
3243,70
3244,40
3245,20
3246,70
3247,40
3248,70
3249,20
3250,20
3251,20
3252,20
3253,40
3254,70
3255,40
3256,20
3257,20
3258,20
3259,20
3260,70
3261,20
3262,70
3263,20
3264,70
3265,70
3266,20
3267,40
3268,40
3269,40
3270,40
3271,40
3272,20
3273,20
3274,20
3275,20
3276,20
3277,20
3278,70
3279,70
3280,20
3281,20
3282,70
3283,70
3284,20
3285,70
3286,40
3287,40
3288,40
3289,70
3290,20
3291,20
3292,20
3293,70
3294,70
3295,40
3296,70
3297,40
3298,40
3299,20
3300,70
3301,20
3302,20
3303,70
3304,70
3305,40
3306,40
3307,40
3308,40
3309,20
3310,20
3311,70
3312,40
3313,40
3314,40
3315,20
3316,70
3317,20
3318,70
3319,70
3320,20
3321,20
3322,70
3323,20
3324,20
3325,70
3326,70
3327,40
3328,20
3329,70
3330,20
3331,20
3332,70
3333,40
3334,70
3335,70
3336,20
3337,40
3338,70
3339,20
3340,70
3341,20
3342,70
3343,40
3344,70
3345,20
3346,70
3347,40
3348,40
3349,40
3350,40
3351,20
3352,70
3353,40
3354,70
3355,20
3356,70
3357,70
3358,40
3359,40
3360,20
3361,70
3362,20
3363,20
3364,20
3365,40
3366,40
3367,70
3368,70
3369,70
3370,40
3371,40
3372,20
3373,40
3374,20
3375,20
3376,40
3377,20
3378,20
3379,70
3380,20
3381,40
3382,40
3383,20
3384,70
3385,40
3386,40
3387,70
3388,20
3389,40
3390,20
3391,20
3392,20
3393,20
3394,40
3395,70
3396,40
3397,70
3398,20
3399,70
3400,20
3401,40
3402,40
3403,70
3404,20
3405,20
3406,70
3407,20
3408,20
3409,20
3410,40
3411,40
3412,40
3413,20
3414,40
3415,20
3416,20
3417,70
3418,20
3419,40
3420,40
3421,20
3422,40
3423,20
3424,70
3425,20
3426,20
3427,70
3428,40
3429,70
3430,70
3431,20
3432,20
3433,70
3434,40
3435,70
3436,40
3437,70
3438,70
3439,40
3440,70
3441,20
3442,70
3443,20
3444,40
3445,40
3446,20
3447,70
3448,20
3449,20
3450,40
3451,20
3452,70
3453,20
3454,40
3455,70
3456,40
3457,20
3458,20
3459,40
3460,40
3461,70
3462,40
3463,40
3464,20
3465,20
3466,40
3467,40
3468,20
3469,70
3470,70
3471,70
3472,70
3473,20
3474,40
3475,70
3476,20
3477,40
3478,70
3479,40
3480,70
3481,40
3482,70
3483,70
3484,40
3485,40
3486,40
3487,20
3488,20
3489,40
3490,20
3491,70
3492,40
3493,20
3494,40
3495,70
3496,70
3497,20
3498,70
3499,40
3500,20
3501,40
3502,40
3503,40
3504,70
3505,40
3506,70
3507,40
3508,70
3509,70
3510,70
3511,40
3512,40
3513,70
3514,40
3515,70
3516,40
3517,70
3518,70
3519,20
3520,40
3521,40
3522,20
3523,70
3524,70
3525,20
3526,20
3527,70
3528,40
3529,20
3530,20
3531,20
3532,20
3533,20
3534,20
3535,70
3536,70
3537,20
3538,70
3539,40
3540,40
3541,20
3542,40
3543,40
3544,70
3545,70
3546,70
3547,70
3548,40
3549,20
3550,70
3551,40
3552,70
3553,40
3554,70
3555,20
3556,70
3557,20
3558,70
3559,70
3560,70
3561,40
3562,40
3563,20
3564,20
3565,40
3566,20
3567,20
3568,40
3569,40
3570,40
3571,40
3572,70
3573,40
3574,20
3575,70
3576,70
3577,20
3578,70
3579,20
3580,70
3581,70
3582,20
3583,20
3584,20
3585,20
3586,40
3587,40
3588,20
3589,40
3590,20
3591,20
3592,70
3593,20
3594,20
3595,20
3596,20
3597,70
3598,20
3599,70
3600,20
3601,70
3602,40
3603,70
3604,70
3605,20
3606,70
3607,70
3608,20
3609,40
3610,40
3611,40
3612,70
3613,20
3614,40
3615,40
3616,40
3617,40
3618,20
3619,40
3620,70
3621,70
3622,20
3623,40
3624,40
3625,70
3626,20
3627,70
3628,20
3629,20
3630,20
3631,70
3632,20
3633,70
3634,70
3635,40
3636,70
3637,70
3638,40
3639,40
3640,40
3641,20
3642,20
3643,40
3644,20
3645,40
3646,20
3647,70
3648,20
3649,20
3650,70
3651,40
3652,20
3653,20
3654,70
3655,70
3656,70
3657,70
3658,40
3659,20
3660,20
3661,20
3662,20
3663,40
3664,20
3665,40
3666,40
3667,70
3668,70
3669,20
3670,40
3671,70
3672,40
3673,70
3674,40
3675,20
3676,20
3677,40
3678,70
3679,70
3680,20
3681,20
3682,20
3683,70
3684,70
3685,20
3686,40
3687,70
3688,20
3689,40
3690,70
3691,40
3692,40
3693,70
3694,20
3695,40
3696,20
3697,70
3698,40
3699,40
3700,40
3701,40
3702,40
3703,70
3704,40
3705,70
3706,20
3707,70
3708,40
3709,20
3710,70
3711,70
3712,70
3713,40
3714,40
3715,70
3716,70
3717,20
3718,40
3719,40
3720,20
3721,70
3722,70
3723,20
3724,70
3725,70
3726,20
3727,20
3728,20
3729,70
3730,20
3731,70
3732,40
3733,40
3734,20
3735,70
3736,70
3737,70
3738,20
3739,70
3740,70
3741,70
3742,40
3743,70
3744,40
3745,70
3746,70
3747,70
3748,40
3749,70
3750,20
3751,70
3752,40
3753,40
3754,20
3755,20
3756,20
3757,40
3758,70
3759,70
3760,20
3761,20
3762,70
3763,20
3764,70
3765,70
3766,70
3767,70
3768,40
3769,70
3770,20
3771,20
3772,20
3773,20
3774,40
3775,70
3776,70
3777,20
3778,20
3779,20
3780,70
3781,40
3782,40
3783,40
3784,40
3785,20
3786,70
3787,20
3788,40
3789,20
3790,40
3791,70
3792,40
3793,20
3794,70
3795,40
3796,40
3797,70
3798,20
3799,70
3800,20
3801,40
3802,40
3803,70
3804,40
3805,70
3806,40
3807,40
3808,20
3809,70
3810,70
3811,40
3812,20
3813,20
3814,70
3815,70
3816,40
3817,70
3818,40
3819,20
3820,70
3821,20
3822,20
3823,40
3824,20
3825,40
3826,40
3827,20
3828,20
3829,40
3830,40
3831,20
3832,40
3833,40
3834,70
3835,70
3836,70
3837,70
3838,70
3839,40
3840,40
3841,70
3842,20
3843,70
3844,20
3845,40
3846,20
3847,40
3848,20
3849,40
3850,40
3851,70
3852,40
3853,70
3854,70
3855,70
3856,20
3857,20
3858,40
3859,70
3860,70
3861,40
3862,70
3863,40
3864,70
3865,20
3866,40
3867,40
3868,20
3869,40
3870,20
3871,70
3872,20
3873,20
3874,40
3875,70
3876,20
3877,70
3878,20
3879,40
3880,20
3881,20
3882,70
3883,20
3884,40
3885,40
3886,20
3887,20
3888,70
3889,70
3890,40
3891,70
3892,20
3893,40
3894,70
3895,40
3896,20
3897,70
3898,20
3899,20
3900,40
3901,40
3902,40
3903,70
3904,70
3905,40
3906,70
3907,70
3908,40
3909,20
3910,70
3911,70
3912,20
3913,20
3914,20
3915,40
3916,20
3917,40
3918,20
3919,20
3920,40
3921,40
3922,20
3923,20
3924,20
3925,70
3926,20
3927,40
3928,70
3929,40
3930,70
3931,70
3932,40
3933,70
3934,40
3935,20
3936,70
3937,40
3938,70
3939,40
3940,20
3941,20
3942,70
3943,70
3944,40
3945,40
3946,70
3947,40
3948,40
3949,40
3950,70
3951,20
3952,20
3953,40
3954,70
3955,40
3956,20
3957,40
3958,20
3959,70
3960,40
3961,70
3962,40
3963,40
3964,40
3965,40
3966,40
3967,70
3968,70
3969,20
3970,40
3971,20
3972,70
3973,20
3974,70
3975,40
3976,20
3977,20
3978,20
3979,20
3980,40
3981,70
3982,70
3983,40
3984,70
3985,20
3986,40
3987,70
3988,40
3989,40
3990,70
3991,70
3992,40
3993,40
3994,70
3995,40
3996,70
3997,40
3998,40
3999,40
4000,70
4001,20
4002,70
4003,40
4004,20
4005,20
4006,40
4007,70
4008,20
4009,20
4010,70
4011,70
4012,20
4013,70
4014,20
4015,40
4016,70
4017,20
4018,70
4019,70
4020,20
4021,40
4022,20
4023,70
4024,20
4025,70
4026,20
4027,40
4028,40
4029,40
4030,40
4031,20
4032,40
4033,20
4034,70
4035,70
4036,70
4037,40
4038,40
4039,40
4040,70
4041,70
4042,70
4043,70
4044,20
4045,20
4046,40
4047,40
4048,70
4049,20
4050,20
4051,40
4052,20
4053,40
4054,70
4055,70
4056,40
4057,70
4058,70
4059,20
4060,20
4061,20
4062,20
4063,20
4064,40
4065,40
4066,20
4067,70
4068,70
4069,40
4070,40
4071,40
4072,70
4073,40
4074,70
4075,40
4076,70
4077,40
4078,40
4079,70
4080,40
4081,20
4082,70
4083,40
4084,70
4085,40
4086,20
4087,40
4088,40
4089,20
4090,70
4091,40
4092,40
4093,20
4094,70
4095,70
4096,20
4097,20
4098,40
4099,20
4100,20
4101,20
4102,70
4103,20
4104,40
4105,40
4106,40
4107,20
4108,70
4109,20
4110,20
4111,40
4112,20
4113,70
4114,40
4115,70
4116,70
4117,70
4118,20
4119,20
4120,20
4121,20
4122,40
4123,20
4124,40
4125,70
4126,40
4127,20
4128,40
4129,20
4130,20
4131,40
4132,40
4133,70
4134,70
4135,70
4136,70
4137,70
4138,40
4139,70
4140,40
4141,70
4142,20
4143,70
4144,20
4145,40
4146,70
4147,40
4148,70
4149,40
4150,70
4151,70
4152,20
4153,40
4154,40
4155,40
4156,40
4157,40
4158,20
4159,70
4160,20
4161,40
4162,40
4163,70
4164,20
4165,70
4166,70
4167,20
4168,70
4169,20
4170,20
4171,40
4172,70
4173,40
4174,70
4175,70
4176,40
4177,40
4178,40
4179,20
4180,70
4181,20
4182,70
4183,70
4184,20
4185,20
4186,70
4187,40
4188,40
4189,40
4190,40
4191,70
4192,40
4193,40
4194,40
4195,70
4196,20
4197,40
4198,70
4199,70
4200,40
4201,20
4202,20
4203,20
4204,70
4205,40
4206,40
4207,70
4208,40
4209,40
4210,20
4211,40
4212,40
4213,70
4214,70
4215,20
4216,70
4217,20
4218,20
4219,40
4220,20
4221,40
4222,20
4223,70
4224,70
4225,70
4226,20
4227,20
4228,40
4229,40
4230,40
4231,40
4232,20
4233,20
4234,40
4235,20
4236,20
4237,20
4238,20
4239,40
4240,40
4241,20
4242,70
4243,40
4244,40
4245,70
4246,40
4247,70
4248,70
4249,20
4250,40
4251,70
4252,20
4253,40
4254,20
4255,20
4256,70
4257,40
4258,20
4259,70
4260,70
4261,20
4262,20
4263,70
4264,20
4265,20
4266,40
4267,70
4268,20
4269,70
4270,40
4271,70
4272,70
4273,70
4274,40
4275,40
4276,70
4277,70
4278,40
4279,20
4280,40
4281,70
4282,20
4283,20
4284,20
4285,40
4286,40
4287,40
4288,40
4289,70
4290,20
4291,70
4292,40
4293,40
4294,70
4295,20
4296,20
4297,40
4298,40
4299,40
4300,40
4301,20
4302,70
4303,20
4304,70
4305,40
4306,40
4307,70
4308,40
4309,20
4310,40
4311,40
4312,40
4313,40
4314,20
4315,70
4316,40
4317,40
4318,20
4319,20
4320,20
4321,40
4322,70
4323,20
4324,20
4325,20
4326,70
4327,40
4328,40
4329,40
4330,20
4331,40
4332,20
4333,70
4334,70
4335,40
4336,20
4337,20
4338,40
4339,70
4340,70
4341,70
4342,70
4343,70
4344,40
4345,40
4346,40
4347,70
4348,70
4349,40
4350,40
4351,70
4352,20
4353,40
4354,70
4355,70
4356,40
4357,20
4358,70
4359,40
4360,70
4361,70
4362,70
4363,70
4364,20
4365,40
4366,40
4367,40
4368,40
4369,40
4370,20
4371,70
4372,70
4373,40
4374,70
4375,70
4376,70
4377,40
4378,40
4379,20
4380,40
4381,20
4382,40
4383,70
4384,20
4385,20
4386,20
4387,40
4388,20
4389,40
4390,20
4391,40
4392,20
4393,70
4394,70
4395,20
4396,40
4397,40
4398,40
4399,70
4400,70
4401,70
4402,40
4403,40
4404,40
4405,20
4406,20
4407,20
4408,70
4409,70
4410,40
4411,20
4412,40
4413,20
4414,20
4415,40
4416,40
4417,20
4418,20
4419,70
4420,40
4421,40
4422,40
4423,40
4424,20
4425,70
4426,40
4427,20
4428,20
4429,20
4430,20
4431,20
4432,40
4433,40
4434,70
4435,40
4436,20
4437,70
4438,20
4439,20
4440,40
4441,20
4442,40
4443,20
4444,70
4445,20
4446,40
4447,20
4448,40
4449,40
4450,70
4451,40
4452,70
4453,70
4454,20
4455,70
4456,40
4457,40
4458,70
4459,20
4460,70
4461,70
4462,40
4463,20
4464,20
4465,20
4466,20
4467,40
4468,20
4469,20
4470,20
4471,40
4472,40
4473,20
4474,40
4475,70
4476,20
4477,40
4478,20
4479,20
4480,40
4481,70
4482,20
4483,70
4484,40
4485,20
4486,40
4487,40
4488,40
4489,40
4490,20
4491,70
4492,70
4493,20
4494,20
4495,70
4496,70
4497,20
4498,40
4499,20
4500,70
4501,40
4502,70
4503,40
4504,70
4505,40
4506,20
4507,20
4508,40
4509,40
4510,20
4511,20
4512,40
4513,40
4514,20
4515,70
4516,20
4517,40
4518,40
4519,70
4520,20
4521,40
4522,20
4523,40
4524,70
4525,20
4526,20
4527,70
4528,40
4529,40
4530,20
4531,70
4532,20
4533,20
4534,40
4535,40
4536,40
4537,40
4538,40
4539,70
4540,20
4541,70
4542,20
4543,40
4544,70
4545,20
4546,40
4547,40
4548,70
4549,70
4550,70
4551,40
4552,20
4553,20
4554,70
4555,20
4556,40
4557,20
4558,40
4559,70
4560,20
4561,40
4562,70
4563,70
4564,70
4565,70
4566,20
4567,40
4568,20
4569,40
4570,70
4571,20
4572,70
4573,40
4574,70
4575,20
4576,20
4577,40
4578,40
4579,20
4580,20
4581,20
4582,20
4583,40
4584,20
4585,40
4586,20
4587,20
4588,70
4589,70
4590,20
4591,40
4592,20
4593,70
4594,20
4595,70
4596,20
4597,20
4598,40
4599,70
4600,70
4601,70
4602,40
4603,20
4604,40
4605,20
4606,40
4607,40
4608,70
4609,40
4610,20
4611,40
4612,40
4613,20
4614,70
4615,20
4616,20
4617,20
4618,40
4619,40
4620,20
4621,20
4622,70
4623,40
4624,40
4625,40
4626,40
4627,20
4628,20
4629,70
4630,40
4631,40
4632,20
4633,70
4634,20
4635,40
4636,40
4637,70
4638,20
4639,40
4640,40
4641,70
4642,40
4643,40
4644,20
4645,70
4646,70
4647,70
4648,20
4649,70
4650,40
4651,70
4652,40
4653,70
4654,70
4655,20
4656,70
4657,70
4658,20
4659,40
4660,70
4661,70
4662,40
4663,20
4664,70
4665,20
4666,40
4667,40
4668,20
4669,40
4670,40
4671,70
4672,20
4673,70
4674,20
4675,70
4676,40
4677,20
4678,20
4679,20
4680,20
4681,40
4682,40
4683,40
4684,70
4685,40
4686,70
4687,70
4688,40
4689,40
4690,40
4691,70
4692,20
4693,40
4694,70
4695,70
4696,40
4697,70
4698,40
4699,70
4700,20
4701,70
4702,40
4703,20
4704,40
4705,70
4706,20
4707,20
4708,70
4709,20
4710,20
4711,20
4712,40
4713,40
4714,20
4715,70
4716,70
4717,40
4718,70
4719,20
4720,70
4721,40
4722,40
4723,20
4724,40
4725,40
4726,40
4727,70
4728,40
4729,70
4730,40
4731,40
4732,70
4733,70
4734,20
4735,20
4736,70
4737,40
4738,20
4739,70
4740,70
4741,40
4742,70
4743,20
4744,40
4745,70
4746,70
4747,40
4748,40
4749,40
4750,20
4751,20
4752,70
4753,70
4754,40
4755,70
4756,70
4757,40
4758,20
4759,20
4760,20
4761,70
4762,40
4763,20
4764,70
4765,40
4766,20
4767,20
4768,40
4769,70
4770,70
4771,20
4772,40
4773,70
4774,40
4775,40
4776,20
4777,40
4778,40
4779,40
4780,70
4781,20
4782,20
4783,40
4784,40
4785,70
4786,20
4787,70
4788,20
4789,70
4790,40
4791,70
4792,40
4793,20
4794,20
4795,40
4796,20
4797,70
4798,40
4799,20
4800,70
4801,70
4802,20
4803,20
4804,70
4805,40
4806,20
4807,20
4808,40
4809,40
4810,20
4811,40
4812,70
4813,70
4814,70
4815,20
4816,40
4817,70
4818,40
4819,70
4820,40
4821,70
4822,70
4823,70
4824,70
4825,70
4826,70
4827,70
4828,70
4829,70
4830,40
4831,40
4832,20
4833,70
4834,40
4835,40
4836,40
4837,40
4838,40
4839,40
4840,20
4841,40
4842,20
4843,20
4844,70
4845,70
4846,70
4847,40
4848,70
4849,40
4850,40
4851,70
4852,70
4853,20
4854,20
4855,40
4856,40
4857,70
4858,70
4859,20
4860,70
4861,40
4862,70
4863,20
4864,40
4865,20
4866,20
4867,40
4868,20
4869,70
4870,70
4871,20
4872,70
4873,20
4874,70
4875,20
4876,70
4877,40
4878,40
4879,70
4880,20
4881,70
4882,20
4883,70
4884,70
4885,40
4886,20
4887,20
4888,20
4889,20
4890,20
4891,40
4892,70
4893,20
4894,20
4895,70
4896,40
4897,40
4898,40
4899,70
4900,70
4901,40
4902,40
4903,70
4904,40
4905,20
4906,70
4907,40
4908,20
4909,70
4910,70
4911,20
4912,70
4913,40
4914,70
4915,40
4916,20
4917,20
4918,70
4919,20
4920,20
4921,70
4922,40
4923,70
4924,70
4925,40
4926,40
4927,40
4928,70
4929,40
4930,20
4931,40
4932,20
4933,40
4934,20
4935,20
4936,20
4937,20
4938,20
4939,40
4940,70
4941,70
4942,70
4943,70
4944,70
4945,20
4946,40
4947,20
4948,40
4949,40
4950,40
4951,40
4952,70
4953,40
4954,40
4955,70
4956,20
4957,20
4958,20
4959,20
4960,40
4961,70
4962,70
4963,20
4964,70
4965,40
4966,20
4967,40
4968,40
4969,40
4970,40
4971,40
4972,20
4973,40
4974,20
4975,70
4976,40
4977,40
4978,70
4979,20
4980,40
4981,70
4982,70
4983,40
4984,20
4985,20
4986,40
4987,70
4988,40
4989,20
4990,70
4991,40
4992,70
4993,20
4994,20
4995,20
4996,40
4997,70
4998,40
4999,40
5000,40
