customer_id,ticket_count
1,2
2,2
3,1
4,3
5,3
6,1
7,1
8,1
9,1
10,2
11,1
12,1
13,1
14,1
15,0
16,4
17,0
18,3
19,0
20,1
21,3
22,0
23,0
24,2
25,0
26,0
27,4
28,3
29,2
30,0
31,0
32,0
33,0
34,1
35,0
36,2
37,1
38,1
39,3
40,0
41,1
42,0
43,0
44,1
45,0
46,1
47,3
48,2
49,1
50,2
51,1
52,1
53,0
54,1
55,1
56,1
57,1
58,2
59,2
60,1
61,0
62,3
63,0
64,1
65,3
66,3
67,0
68,2
69,1
70,1
71,1
72,3
73,2
74,5
75,2
76,1
77,1
78,0
79,1
80,0
81,2
82,2
83,2
84,2
85,1
86,3
87,5
88,1
89,1
90,2
91,2
92,1
93,2
94,0
95,0
96,0
97,5
98,2
99,1
100,2
101,1
102,0
103,1
104,1
105,2
106,1
107,1
108,1
109,2
110,1
111,1
112,1
113,0
114,1
115,0
116,1
117,0
118,0
119,0
120,1
121,1
122,1
123,2
124,0
125,2
126,1
127,1
128,1
129,0
130,2
131,1
132,1
133,2
134,0
135,1
136,0
137,1
138,1
139,0
140,0
141,1
142,1
143,2
144,1
145,1
146,1
147,2
148,3
149,3
150,3
151,1
152,0
153,4
154,2
155,1
156,0
157,1
158,0
159,1
160,1
161,1
162,0
163,0
164,1
165,0
166,0
167,2
168,1
169,0
170,0
171,0
172,2
173,0
174,2
175,0
176,1
177,1
178,0
179,2
180,0
181,2
182,1
183,1
184,2
185,1
186,1
187,2
188,0
189,1
190,1
191,1
192,3
193,0
194,1
195,1
196,1
197,1
198,3
199,1
200,2
201,1
202,1
203,0
204,3
205,2
206,0
207,0
208,2
209,0
210,0
211,3
212,2
213,1
214,3
215,0
216,0
217,1
218,2
219,3
220,4
221,1
222,0
223,0
224,0
225,1
226,0
227,0
228,2
229,2
230,1
231,1
232,2
233,2
234,0
235,1
236,0
237,0
238,0
239,0
240,1
241,1
242,3
243,1
244,1
245,2
246,2
247,1
248,3
249,2
250,1
251,3
252,0
253,2
254,2
255,1
256,2
257,0
258,1
259,1
260,0
261,0
262,1
263,0
264,3
265,1
266,1
267,1
268,3
269,1
270,1
271,4
272,0
273,2
274,3
275,1
276,5
277,2
278,0
279,1
280,2
281,0
282,1
283,1
284,2
285,2
286,0
287,3
288,0
289,2
290,0
291,1
292,4
293,0
294,1
295,1
296,0
297,1
298,1
299,1
300,2
301,0
302,2
303,1
304,0
305,1
306,2
307,2
308,2
309,0
310,1
311,1
312,1
313,2
314,1
315,1
316,2
317,1
318,1
319,5
320,2
321,2
322,1
323,2
324,2
325,1
326,0
327,1
328,2
329,2
330,3
331,1
332,0
333,1
334,2
335,0
336,1
337,5
338,2
339,0
340,3
341,1
342,2
343,0
344,1
345,2
346,0
347,0
348,1
349,0
350,2
351,4
352,2
353,0
354,1
355,3
356,0
357,1
358,3
359,0
360,0
361,2
362,0
363,1
364,1
365,3
366,1
367,2
368,1
369,0
370,0
371,0
372,1
373,1
374,0
375,1
376,1
377,1
378,3
379,1
380,1
381,2
382,1
383,2
384,1
385,0
386,1
387,0
388,1
389,1
390,0
391,1
392,1
393,2
394,1
395,4
396,0
397,2
398,3
399,0
400,0
401,3
402,2
403,1
404,1
405,0
406,1
407,0
408,2
409,3
410,0
411,0
412,1
413,1
414,2
415,3
416,1
417,1
418,1
419,0
420,3
421,2
422,3
423,1
424,2
425,7
426,2
427,1
428,0
429,2
430,0
431,4
432,1
433,0
434,0
435,2
436,1
437,0
438,1
439,4
440,2
441,0
442,1
443,2
444,1
445,2
446,2
447,2
448,1
449,1
450,0
451,1
452,0
453,0
454,0
455,0
456,3
457,1
458,1
459,1
460,1
461,4
462,3
463,0
464,3
465,2
466,2
467,3
468,0
469,0
470,0
471,0
472,1
473,1
474,1
475,1
476,0
477,1
478,2
479,2
480,0
481,2
482,1
483,2
484,1
485,1
486,3
487,3
488,1
489,1
490,0
491,0
492,0
493,0
494,2
495,2
496,0
497,2
498,2
499,2
500,2
501,1
502,3
503,1
504,2
505,1
506,2
507,1
508,2
509,0
510,1
511,0
512,1
513,2
514,0
515,1
516,0
517,2
518,2
519,2
520,0
521,0
522,0
523,0
524,1
525,0
526,1
527,5
528,1
529,1
530,1
531,0
532,0
533,1
534,2
535,1
536,1
537,1
538,1
539,1
540,3
541,1
542,1
543,1
544,2
545,1
546,0
547,2
548,2
549,1
550,2
551,1
552,0
553,0
554,1
555,0
556,1
557,1
558,1
559,1
560,1
561,0
562,2
563,0
564,0
565,3
566,3
567,0
568,2
569,0
570,1
571,1
572,3
573,2
574,2
575,0
576,0
577,0
578,1
579,0
580,1
581,0
582,1
583,2
584,0
585,0
586,2
587,1
588,1
589,3
590,2
591,2
592,0
593,0
594,0
595,1
596,1
597,5
598,2
599,2
600,1
601,0
602,0
603,2
604,1
605,1
606,1
607,2
608,2
609,2
610,1
611,2
612,1
613,0
614,1
615,1
616,1
617,2
618,0
619,1
620,0
621,0
622,0
623,2
624,1
625,3
626,1
627,1
628,1
629,0
630,0
631,0
632,0
633,1
634,0
635,3
636,0
637,2
638,3
639,2
640,0
641,1
642,2
643,1
644,2
645,1
646,3
647,0
648,1
649,2
650,0
651,0
652,1
653,1
654,1
655,1
656,4
657,2
658,0
659,1
660,1
661,3
662,0
663,0
664,2
665,4
666,3
667,1
668,2
669,0
670,2
671,0
672,1
673,2
674,1
675,0
676,0
677,0
678,0
679,1
680,1
681,2
682,2
683,1
684,2
685,2
686,2
687,2
688,1
689,0
690,2
691,1
692,0
693,3
694,0
695,3
696,1
697,1
698,2
699,1
700,1
701,1
702,1
703,2
704,0
705,1
706,3
707,1
708,2
709,2
710,1
711,1
712,2
713,0
714,1
715,0
716,1
717,0
718,0
719,2
720,2
721,4
722,0
723,2
724,6
725,0
726,0
727,0
728,1
729,1
730,2
731,0
732,0
733,2
734,1
735,0
736,1
737,2
738,3
739,1
740,1
741,0
742,1
743,1
744,1
745,3
746,1
747,2
748,3
749,2
750,2
751,2
752,1
753,0
754,2
755,3
756,2
757,0
758,3
759,0
760,1
761,2
762,1
763,2
764,2
765,2
766,1
767,3
768,0
769,1
770,2
771,3
772,0
773,1
774,3
775,2
776,2
777,0
778,4
779,2
780,2
781,4
782,0
783,0
784,3
785,1
786,3
787,2
788,1
789,1
790,0
791,0
792,1
793,3
794,1
795,0
796,6
797,1
798,3
799,0
800,1
801,1
802,1
803,0
804,0
805,5
806,1
807,0
808,0
809,1
810,2
811,2
812,1
813,0
814,1
815,0
816,3
817,2
818,2
819,2
820,0
821,0
822,1
823,1
824,3
825,3
826,0
827,0
828,0
829,5
830,0
831,4
832,0
833,2
834,1
835,1
836,0
837,4
838,1
839,1
840,0
841,2
842,0
843,0
844,2
845,0
846,0
847,1
848,0
849,0
850,0
851,1
852,3
853,0
854,1
855,1
856,0
857,0
858,1
859,0
860,0
861,2
862,1
863,3
864,0
865,1
866,1
867,1
868,0
869,1
870,1
871,1
872,1
873,1
874,1
875,0
876,1
877,1
878,2
879,0
880,1
881,0
882,1
883,1
884,1
885,0
886,1
887,1
888,1
889,1
890,1
891,3
892,2
893,3
894,3
895,2
896,2
897,1
898,3
899,0
900,1
901,1
902,2
903,3
904,2
905,1
906,0
907,0
908,0
909,1
910,0
911,0
912,0
913,4
914,1
915,1
916,3
917,4
918,0
919,0
920,1
921,0
922,0
923,1
924,0
925,1
926,0
927,3
928,3
929,0
930,2
931,0
932,1
933,1
934,1
935,1
936,1
937,4
938,1
939,1
940,4
941,1
942,3
943,0
944,1
945,1
946,2
947,0
948,0
949,1
950,2
951,2
952,3
953,1
954,2
955,1
956,3
957,3
958,0
959,1
960,0
961,4
962,0
963,1
964,1
965,0
966,0
967,3
968,3
969,2
970,0
971,0
972,2
973,3
974,3
975,1
976,3
977,1
978,1
979,2
980,3
981,0
982,0
983,0
984,1
985,4
986,0
987,1
988,6
989,1
990,2
991,0
992,2
993,2
994,2
995,3
996,1
997,1
998,1
999,1
1000,0
1001,1
1002,0
1003,1
1004,0
1005,0
1006,0
1007,2
1008,0
1009,2
1010,1
1011,0
1012,1
1013,1
1014,3
1015,0
1016,1
1017,2
1018,0
1019,2
1020,1
1021,1
1022,4
1023,1
1024,0
1025,0
1026,0
1027,1
1028,0
1029,3
1030,0
1031,0
1032,1
1033,1
1034,2
1035,2
1036,0
1037,1
1038,0
1039,2
1040,2
1041,1
1042,0
1043,0
1044,2
1045,2
1046,1
1047,3
1048,2
1049,0
1050,1
1051,1
1052,3
1053,3
1054,2
1055,0
1056,0
1057,2
1058,1
1059,2
1060,0
1061,4
1062,3
1063,1
1064,1
1065,1
1066,1
1067,1
1068,1
1069,2
1070,2
1071,1
1072,0
1073,2
1074,0
1075,0
1076,0
1077,1
1078,0
1079,2
1080,0
1081,0
1082,0
1083,4
1084,2
1085,1
1086,1
1087,1
1088,0
1089,1
1090,2
1091,1
1092,2
1093,1
1094,1
1095,1
1096,0
1097,2
1098,0
1099,0
1100,0
1101,0
1102,1
1103,1
1104,0
1105,0
1106,0
1107,0
1108,2
1109,1
1110,0
1111,3
1112,4
1113,2
1114,1
1115,3
1116,1
1117,2
1118,1
1119,1
1120,0
1121,0
1122,3
1123,3
1124,0
1125,2
1126,1
1127,2
1128,1
1129,0
1130,0
1131,0
1132,0
1133,1
1134,1
1135,0
1136,3
1137,2
1138,1
1139,1
1140,1
1141,4
1142,2
1143,1
1144,2
1145,1
1146,1
1147,1
1148,2
1149,3
1150,0
1151,0
1152,1
1153,3
1154,0
1155,1
1156,1
1157,4
1158,0
1159,0
1160,0
1161,2
1162,5
1163,2
1164,0
1165,1
1166,2
1167,0
1168,1
1169,0
1170,1
1171,1
1172,3
1173,1
1174,1
1175,1
1176,1
1177,0
1178,4
1179,1
1180,0
1181,0
1182,1
1183,1
1184,0
1185,1
1186,2
1187,2
1188,2
1189,0
1190,1
1191,1
1192,1
1193,0
1194,1
1195,4
1196,0
1197,2
1198,0
1199,1
1200,0
1201,1
1202,0
1203,2
1204,1
1205,1
1206,0
1207,3
1208,1
1209,3
1210,2
1211,3
1212,0
1213,2
1214,1
1215,4
1216,1
1217,0
1218,0
1219,1
1220,3
1221,5
1222,2
1223,1
1224,2
1225,3
1226,4
1227,2
1228,1
1229,0
1230,1
1231,3
1232,4
1233,1
1234,2
1235,0
1236,0
1237,1
1238,2
1239,1
1240,2
1241,0
1242,0
1243,3
1244,2
1245,1
1246,2
1247,0
1248,4
1249,2
1250,0
1251,2
1252,3
1253,1
1254,3
1255,2
1256,0
1257,0
1258,2
1259,0
1260,1
1261,1
1262,2
1263,0
1264,3
1265,3
1266,1
1267,2
1268,3
1269,2
1270,1
1271,0
1272,2
1273,0
1274,0
1275,2
1276,2
1277,1
1278,2
1279,1
1280,1
1281,2
1282,4
1283,0
1284,0
1285,1
1286,1
1287,1
1288,1
1289,2
1290,4
1291,1
1292,1
1293,1
1294,0
1295,3
1296,1
1297,1
1298,4
1299,2
1300,0
1301,2
1302,0
1303,0
1304,1
1305,0
1306,0
1307,0
1308,2
1309,0
1310,2
1311,0
1312,3
1313,4
1314,1
1315,3
1316,0
1317,0
1318,0
1319,2
1320,3
1321,0
1322,0
1323,2
1324,5
1325,0
1326,1
1327,1
1328,1
1329,2
1330,0
1331,0
1332,0
1333,1
1334,1
1335,0
1336,2
1337,1
1338,1
1339,0
1340,2
1341,1
1342,2
1343,2
1344,3
1345,1
1346,1
1347,1
1348,3
1349,1
1350,3
1351,1
1352,1
1353,1
1354,0
1355,0
1356,2
1357,1
1358,1
1359,4
1360,3
1361,3
1362,2
1363,0
1364,1
1365,2
1366,1
1367,1
1368,0
1369,3
1370,3
1371,1
1372,1
1373,2
1374,2
1375,1
1376,3
1377,0
1378,1
1379,0
1380,2
1381,1
1382,0
1383,2
1384,1
1385,1
1386,2
1387,0
1388,0
1389,2
1390,2
1391,1
1392,1
1393,0
1394,2
1395,0
1396,1
1397,0
1398,2
1399,4
1400,0
1401,1
1402,2
1403,4
1404,0
1405,0
1406,0
1407,0
1408,4
1409,0
1410,1
1411,1
1412,3
1413,1
1414,0
1415,3
1416,1
1417,0
1418,0
1419,0
1420,1
1421,2
1422,1
1423,1
1424,1
1425,2
1426,1
1427,1
1428,1
1429,2
1430,1
1431,2
1432,3
1433,1
1434,1
1435,1
1436,0
1437,0
1438,1
1439,0
1440,0
1441,2
1442,1
1443,1
1444,1
1445,0
1446,0
1447,1
1448,1
1449,2
1450,1
1451,0
1452,2
1453,3
1454,1
1455,0
1456,1
1457,0
1458,3
1459,0
1460,2
1461,2
1462,1
1463,0
1464,7
1465,0
1466,0
1467,2
1468,1
1469,0
1470,1
1471,0
1472,1
1473,0
1474,1
1475,0
1476,1
1477,0
1478,2
1479,2
1480,2
1481,1
1482,2
1483,3
1484,0
1485,1
1486,2
1487,1
1488,0
1489,1
1490,0
1491,2
1492,0
1493,3
1494,0
1495,2
1496,2
1497,1
1498,1
1499,2
1500,2
1501,0
1502,1
1503,1
1504,1
1505,3
1506,0
1507,0
1508,1
1509,1
1510,3
1511,1
1512,3
1513,3
1514,2
1515,3
1516,0
1517,0
1518,0
1519,1
1520,1
1521,1
1522,1
1523,1
1524,0
1525,1
1526,3
1527,1
1528,1
1529,1
1530,0
1531,2
1532,0
1533,1
1534,1
1535,2
1536,1
1537,0
1538,1
1539,2
1540,0
1541,1
1542,1
1543,1
1544,1
1545,0
1546,0
1547,2
1548,4
1549,0
1550,3
1551,2
1552,1
1553,4
1554,0
1555,3
1556,2
1557,0
1558,4
1559,1
1560,1
1561,2
1562,0
1563,2
1564,1
1565,1
1566,2
1567,1
1568,0
1569,1
1570,2
1571,3
1572,0
1573,1
1574,1
1575,1
1576,1
1577,3
1578,0
1579,1
1580,2
1581,1
1582,0
1583,1
1584,1
1585,2
1586,2
1587,0
1588,0
1589,1
1590,1
1591,0
1592,1
1593,1
1594,1
1595,1
1596,3
1597,1
1598,1
1599,0
1600,2
1601,1
1602,0
1603,0
1604,0
1605,0
1606,2
1607,3
1608,0
1609,2
1610,1
1611,1
1612,2
1613,0
1614,2
1615,2
1616,1
1617,0
1618,2
1619,1
1620,0
1621,3
1622,1
1623,2
1624,3
1625,3
1626,2
1627,0
1628,1
1629,1
1630,0
1631,2
1632,1
1633,0
1634,3
1635,5
1636,0
1637,0
1638,3
1639,1
1640,3
1641,0
1642,1
1643,1
1644,2
1645,0
1646,2
1647,0
1648,1
1649,2
1650,0
1651,1
1652,2
1653,0
1654,0
1655,2
1656,2
1657,1
1658,0
1659,2
1660,2
1661,0
1662,0
1663,2
1664,3
1665,2
1666,2
1667,1
1668,0
1669,1
1670,1
1671,1
1672,2
1673,1
1674,0
1675,1
1676,2
1677,1
1678,3
1679,2
1680,1
1681,2
1682,1
1683,3
1684,2
1685,0
1686,2
1687,2
1688,1
1689,1
1690,3
1691,2
1692,2
1693,1
1694,1
1695,1
1696,0
1697,1
1698,2
1699,0
1700,1
1701,1
1702,0
1703,0
1704,0
1705,2
1706,1
1707,1
1708,1
1709,2
1710,0
1711,2
1712,2
1713,3
1714,0
1715,0
1716,0
1717,0
1718,3
1719,1
1720,1
1721,2
1722,1
1723,0
1724,4
1725,1
1726,1
1727,1
1728,1
1729,1
1730,2
1731,1
1732,2
1733,1
1734,1
1735,3
1736,0
1737,1
1738,0
1739,2
1740,2
1741,3
1742,2
1743,1
1744,2
1745,0
1746,1
1747,1
1748,0
1749,2
1750,0
1751,1
1752,3
1753,1
1754,3
1755,0
1756,0
1757,0
1758,1
1759,1
1760,0
1761,1
1762,1
1763,2
1764,2
1765,1
1766,1
1767,0
1768,1
1769,1
1770,2
1771,1
1772,0
1773,1
1774,2
1775,0
1776,1
1777,1
1778,1
1779,0
1780,5
1781,1
1782,0
1783,0
1784,1
1785,1
1786,1
1787,0
1788,0
1789,0
1790,2
1791,2
1792,1
1793,1
1794,1
1795,2
1796,2
1797,3
1798,0
1799,2
1800,2
1801,1
1802,2
1803,1
1804,2
1805,1
1806,1
1807,1
1808,1
1809,1
1810,2
1811,3
1812,0
1813,0
1814,0
1815,0
1816,2
1817,0
1818,1
1819,1
1820,3
1821,0
1822,3
1823,0
1824,1
1825,1
1826,0
1827,3
1828,1
1829,0
1830,2
1831,0
1832,1
1833,1
1834,3
1835,1
1836,2
1837,0
1838,1
1839,0
1840,3
1841,0
1842,1
1843,3
1844,1
1845,1
1846,2
1847,0
1848,0
1849,2
1850,0
1851,0
1852,3
1853,3
1854,2
1855,3
1856,3
1857,1
1858,0
1859,3
1860,1
1861,3
1862,0
1863,0
1864,2
1865,2
1866,2
1867,0
1868,1
1869,0
1870,2
1871,1
1872,1
1873,2
1874,1
1875,1
1876,1
1877,0
1878,1
1879,1
1880,1
1881,2
1882,0
1883,1
1884,2
1885,1
1886,2
1887,1
1888,1
1889,2
1890,0
1891,1
1892,2
1893,1
1894,2
1895,1
1896,0
1897,0
1898,2
1899,1
1900,1
1901,1
1902,1
1903,1
1904,1
1905,2
1906,1
1907,2
1908,1
1909,0
1910,0
1911,0
1912,1
1913,2
1914,0
1915,3
1916,1
1917,1
1918,1
1919,2
1920,2
1921,2
1922,3
1923,2
1924,2
1925,3
1926,2
1927,0
1928,1
1929,0
1930,1
1931,0
1932,0
1933,0
1934,0
1935,1
1936,2
1937,0
1938,1
1939,2
1940,6
1941,1
1942,2
1943,1
1944,3
1945,2
1946,1
1947,2
1948,1
1949,0
1950,0
1951,2
1952,2
1953,2
1954,2
1955,1
1956,1
1957,1
1958,5
1959,2
1960,0
1961,2
1962,3
1963,1
1964,1
1965,0
1966,0
1967,2
1968,4
1969,0
1970,0
1971,1
1972,1
1973,0
1974,0
1975,2
1976,3
1977,0
1978,3
1979,0
1980,1
1981,2
1982,1
1983,0
1984,2
1985,0
1986,2
1987,1
1988,2
1989,1
1990,0
1991,1
1992,1
1993,1
1994,0
1995,1
1996,2
1997,1
1998,0
1999,3
2000,3
2001,0
2002,2
2003,1
2004,0
2005,1
2006,1
2007,2
2008,1
2009,2
2010,0
2011,2
2012,0
2013,0
2014,3
2015,1
2016,1
2017,1
2018,2
2019,2
2020,1
2021,0
2022,3
2023,0
2024,1
2025,2
2026,0
2027,2
2028,2
2029,2
2030,1
2031,0
2032,2
2033,1
2034,2
2035,1
2036,2
2037,3
2038,5
2039,0
2040,1
2041,0
2042,0
2043,0
2044,0
2045,1
2046,0
2047,2
2048,0
2049,0
2050,1
2051,3
2052,0
2053,1
2054,2
2055,2
2056,0
2057,1
2058,0
2059,0
2060,1
2061,2
2062,1
2063,3
2064,1
2065,2
2066,0
2067,1
2068,0
2069,1
2070,1
2071,2
2072,0
2073,1
2074,0
2075,1
2076,2
2077,3
2078,2
2079,3
2080,1
2081,1
2082,2
2083,0
2084,1
2085,1
2086,2
2087,1
2088,0
2089,1
2090,4
2091,1
2092,2
2093,0
2094,1
2095,0
2096,1
2097,2
2098,0
2099,0
2100,2
2101,1
2102,1
2103,2
2104,1
2105,1
2106,0
2107,1
2108,2
2109,1
2110,0
2111,1
2112,1
2113,0
2114,1
2115,3
2116,1
2117,3
2118,1
2119,1
2120,1
2121,3
2122,2
2123,1
2124,4
2125,2
2126,0
2127,1
2128,3
2129,2
2130,1
2131,0
2132,0
2133,3
2134,0
2135,0
2136,0
2137,2
2138,0
2139,0
2140,2
2141,0
2142,1
2143,1
2144,0
2145,1
2146,1
2147,0
2148,1
2149,0
2150,0
2151,5
2152,2
2153,2
2154,2
2155,2
2156,3
2157,0
2158,0
2159,0
2160,0
2161,1
2162,1
2163,1
2164,1
2165,3
2166,1
2167,1
2168,0
2169,4
2170,3
2171,5
2172,3
2173,0
2174,0
2175,1
2176,1
2177,1
2178,1
2179,3
2180,0
2181,1
2182,1
2183,3
2184,0
2185,2
2186,5
2187,1
2188,1
2189,1
2190,1
2191,1
2192,0
2193,6
2194,2
2195,0
2196,1
2197,1
2198,2
2199,0
2200,0
2201,1
2202,1
2203,1
2204,1
2205,1
2206,1
2207,3
2208,0
2209,0
2210,1
2211,0
2212,2
2213,1
2214,1
2215,4
2216,1
2217,2
2218,0
2219,0
2220,1
2221,0
2222,1
2223,1
2224,0
2225,1
2226,1
2227,1
2228,1
2229,0
2230,0
2231,1
2232,2
2233,3
2234,0
2235,1
2236,0
2237,0
2238,0
2239,1
2240,0
2241,1
2242,4
2243,0
2244,2
2245,0
2246,0
2247,1
2248,1
2249,1
2250,2
2251,0
2252,0
2253,2
2254,0
2255,1
2256,0
2257,1
2258,0
2259,1
2260,1
2261,0
2262,1
2263,0
2264,1
2265,0
2266,1
2267,0
2268,1
2269,1
2270,0
2271,2
2272,0
2273,1
2274,0
2275,1
2276,0
2277,2
2278,0
2279,1
2280,2
2281,0
2282,0
2283,1
2284,2
2285,1
2286,2
2287,3
2288,1
2289,2
2290,2
2291,2
2292,2
2293,0
2294,1
2295,1
2296,1
2297,2
2298,2
2299,2
2300,1
2301,0
2302,0
2303,0
2304,1
2305,3
2306,2
2307,1
2308,2
2309,0
2310,1
2311,2
2312,0
2313,0
2314,0
2315,6
2316,3
2317,1
2318,3
2319,0
2320,1
2321,1
2322,0
2323,0
2324,2
2325,2
2326,2
2327,3
2328,4
2329,1
2330,5
2331,1
2332,0
2333,1
2334,3
2335,3
2336,2
2337,1
2338,0
2339,2
2340,3
2341,0
2342,2
2343,1
2344,2
2345,1
2346,0
2347,2
2348,0
2349,0
2350,2
2351,2
2352,0
2353,2
2354,2
2355,1
2356,0
2357,2
2358,3
2359,0
2360,1
2361,0
2362,1
2363,2
2364,0
2365,0
2366,0
2367,2
2368,1
2369,1
2370,0
2371,2
2372,0
2373,0
2374,3
2375,2
2376,0
2377,1
2378,0
2379,4
2380,1
2381,2
2382,0
2383,1
2384,2
2385,1
2386,1
2387,1
2388,0
2389,2
2390,2
2391,2
2392,1
2393,0
2394,3
2395,0
2396,1
2397,2
2398,3
2399,2
2400,1
2401,2
2402,1
2403,2
2404,1
2405,0
2406,3
2407,4
2408,1
2409,1
2410,0
2411,3
2412,3
2413,1
2414,3
2415,1
2416,0
2417,0
2418,3
2419,1
2420,0
2421,3
2422,0
2423,1
2424,1
2425,1
2426,0
2427,1
2428,0
2429,2
2430,0
2431,0
2432,2
2433,1
2434,1
2435,2
2436,1
2437,0
2438,1
2439,4
2440,1
2441,2
2442,4
2443,4
2444,1
2445,0
2446,2
2447,2
2448,1
2449,3
2450,2
2451,4
2452,1
2453,2
2454,0
2455,0
2456,1
2457,1
2458,3
2459,3
2460,1
2461,1
2462,2
2463,1
2464,0
2465,1
2466,0
2467,1
2468,1
2469,0
2470,1
2471,2
2472,1
2473,0
2474,3
2475,0
2476,2
2477,1
2478,1
2479,2
2480,1
2481,0
2482,1
2483,1
2484,5
2485,1
2486,0
2487,0
2488,3
2489,1
2490,1
2491,0
2492,2
2493,0
2494,1
2495,1
2496,3
2497,1
2498,0
2499,0
2500,1
2501,1
2502,1
2503,1
2504,1
2505,1
2506,1
2507,0
2508,1
2509,1
2510,1
2511,0
2512,1
2513,3
2514,1
2515,1
2516,0
2517,2
2518,0
2519,0
2520,1
2521,0
2522,2
2523,2
2524,0
2525,1
2526,1
2527,0
2528,0
2529,0
2530,0
2531,1
2532,1
2533,1
2534,0
2535,0
2536,2
2537,0
2538,2
2539,1
2540,0
2541,2
2542,2
2543,0
2544,1
2545,1
2546,0
2547,4
2548,1
2549,1
2550,1
2551,1
2552,0
2553,0
2554,0
2555,3
2556,2
2557,1
2558,2
2559,0
2560,1
2561,0
2562,0
2563,1
2564,2
2565,0
2566,1
2567,1
2568,3
2569,3
2570,2
2571,0
2572,0
2573,2
2574,3
2575,0
2576,1
2577,1
2578,0
2579,2
2580,1
2581,0
2582,3
2583,1
2584,1
2585,1
2586,0
2587,1
2588,1
2589,1
2590,0
2591,2
2592,0
2593,1
2594,1
2595,1
2596,1
2597,2
2598,0
2599,0
2600,2
2601,3
2602,0
2603,0
2604,1
2605,2
2606,1
2607,2
2608,0
2609,0
2610,1
2611,3
2612,1
2613,1
2614,1
2615,1
2616,0
2617,2
2618,1
2619,0
2620,2
2621,2
2622,1
2623,2
2624,3
2625,1
2626,2
2627,0
2628,3
2629,2
2630,1
2631,1
2632,1
2633,1
2634,0
2635,1
2636,1
2637,0
2638,1
2639,1
2640,0
2641,1
2642,3
2643,2
2644,0
2645,2
2646,2
2647,1
2648,2
2649,1
2650,1
2651,2
2652,2
2653,0
2654,1
2655,1
2656,2
2657,1
2658,4
2659,1
2660,0
2661,4
2662,1
2663,1
2664,0
2665,0
2666,3
2667,3
2668,3
2669,3
2670,1
2671,2
2672,2
2673,1
2674,1
2675,2
2676,0
2677,1
2678,2
2679,2
2680,2
2681,0
2682,3
2683,1
2684,2
2685,1
2686,1
2687,0
2688,2
2689,1
2690,0
2691,1
2692,3
2693,0
2694,0
2695,3
2696,1
2697,0
2698,3
2699,2
2700,2
2701,0
2702,1
2703,2
2704,1
2705,0
2706,1
2707,1
2708,0
2709,0
2710,1
2711,1
2712,0
2713,3
2714,0
2715,0
2716,2
2717,3
2718,0
2719,0
2720,1
2721,1
2722,0
2723,0
2724,2
2725,2
2726,2
2727,0
2728,1
2729,2
2730,1
2731,0
2732,1
2733,1
2734,0
2735,0
2736,2
2737,2
2738,3
2739,3
2740,2
2741,0
2742,2
2743,4
2744,1
2745,1
2746,0
2747,1
2748,2
2749,0
2750,3
2751,1
2752,1
2753,1
2754,2
2755,0
2756,1
2757,1
2758,0
2759,1
2760,2
2761,2
2762,1
2763,3
2764,1
2765,0
2766,3
2767,3
2768,2
2769,2
2770,1
2771,1
2772,2
2773,0
2774,2
2775,0
2776,0
2777,0
2778,1
2779,1
2780,0
2781,0
2782,1
2783,1
2784,1
2785,1
2786,1
2787,3
2788,0
2789,1
2790,2
2791,5
2792,2
2793,2
2794,2
2795,0
2796,1
2797,1
2798,3
2799,0
2800,2
2801,0
2802,1
2803,0
2804,0
2805,2
2806,0
2807,1
2808,1
2809,0
2810,3
2811,2
2812,1
2813,3
2814,1
2815,2
2816,2
2817,2
2818,1
2819,1
2820,0
2821,2
2822,3
2823,0
2824,1
2825,3
2826,4
2827,1
2828,0
2829,0
2830,1
2831,0
2832,1
2833,1
2834,1
2835,3
2836,2
2837,0
2838,4
2839,0
2840,2
2841,1
2842,1
2843,0
2844,0
2845,0
2846,2
2847,1
2848,2
2849,0
2850,1
2851,0
2852,3
2853,0
2854,2
2855,0
2856,3
2857,0
2858,1
2859,3
2860,0
2861,1
2862,0
2863,0
2864,2
2865,1
2866,0
2867,1
2868,2
2869,0
2870,1
2871,3
2872,1
2873,0
2874,1
2875,2
2876,0
2877,2
2878,1
2879,0
2880,0
2881,0
2882,3
2883,2
2884,0
2885,3
2886,0
2887,0
2888,0
2889,0
2890,2
2891,1
2892,0
2893,0
2894,0
2895,0
2896,1
2897,1
2898,2
2899,3
2900,1
2901,0
2902,0
2903,1
2904,1
2905,1
2906,2
2907,1
2908,1
2909,1
2910,1
2911,2
2912,1
2913,1
2914,3
2915,3
2916,1
2917,2
2918,1
2919,2
2920,3
2921,0
2922,1
2923,3
2924,0
2925,3
2926,1
2927,0
2928,1
2929,2
2930,2
2931,2
2932,2
2933,0
2934,0
2935,1
2936,2
2937,0
2938,0
2939,3
2940,6
2941,0
2942,1
2943,0
2944,3
2945,3
2946,2
2947,0
2948,1
2949,0
2950,1
2951,0
2952,0
2953,2
2954,1
2955,3
2956,1
2957,2
2958,0
2959,1
2960,2
2961,0
2962,1
2963,0
2964,2
2965,1
2966,1
2967,1
2968,1
2969,0
2970,1
2971,0
2972,1
2973,0
2974,1
2975,1
2976,0
2977,1
2978,1
2979,0
2980,0
2981,0
2982,1
2983,1
2984,1
2985,1
2986,0
2987,2
2988,0
2989,1
2990,0
2991,1
2992,1
2993,1
2994,2
2995,1
2996,1
2997,0
2998,0
2999,0
3000,1
3001,0
3002,3
3003,1
3004,3
3005,2
3006,1
3007,2
3008,2
3009,0
3010,1
3011,3
3012,0
3013,3
3014,1
3015,1
3016,3
3017,4
3018,1
3019,1
3020,2
3021,1
3022,1
3023,1
3024,2
3025,0
3026,2
3027,0
3028,1
3029,1
3030,1
3031,1
3032,2
3033,3
3034,4
3035,2
3036,3
3037,0
3038,1
3039,0
3040,2
3041,0
3042,1
3043,1
3044,0
3045,1
3046,1
3047,1
3048,0
3049,2
3050,1
3051,2
3052,0
3053,2
3054,2
3055,1
3056,1
3057,0
3058,3
3059,1
3060,2
3061,1
3062,2
3063,1
3064,3
3065,2
3066,1
3067,0
3068,3
3069,2
3070,0
3071,1
3072,0
3073,2
3074,1
3075,0
3076,1
3077,1
3078,2
3079,0
3080,1
3081,0
3082,1
3083,3
3084,3
3085,1
3086,0
3087,0
3088,1
3089,2
3090,1
3091,1
3092,0
3093,2
3094,1
3095,1
3096,1
3097,0
3098,1
3099,0
3100,0
3101,1
3102,4
3103,1
3104,0
3105,1
3106,2
3107,1
3108,2
3109,2
3110,3
3111,0
3112,2
3113,1
3114,1
3115,0
3116,2
3117,2
3118,0
3119,0
3120,2
3121,2
3122,1
3123,1
3124,2
3125,1
3126,1
3127,1
3128,1
3129,1
3130,1
3131,2
3132,0
3133,1
3134,1
3135,1
3136,1
3137,2
3138,1
3139,5
3140,1
3141,1
3142,0
3143,5
3144,1
3145,0
3146,1
3147,0
3148,1
3149,0
3150,3
3151,1
3152,2
3153,0
3154,0
3155,0
3156,2
3157,1
3158,3
3159,3
3160,2
3161,0
3162,3
3163,1
3164,1
3165,1
3166,1
3167,2
3168,1
3169,0
3170,2
3171,1
3172,2
3173,2
3174,1
3175,0
3176,3
3177,1
3178,3
3179,0
3180,1
3181,2
3182,1
3183,1
3184,2
3185,0
3186,0
3187,1
3188,1
3189,1
3190,1
3191,1
3192,0
3193,1
3194,0
3195,0
3196,1
3197,2
3198,1
3199,0
3200,0
3201,0
3202,0
3203,0
3204,1
3205,1
3206,2
3207,1
3208,2
3209,2
3210,2
3211,2
3212,2
3213,2
3214,0
3215,1
3216,1
3217,1
3218,4
3219,1
3220,2
3221,3
3222,3
3223,2
3224,3
3225,1
3226,1
3227,1
3228,0
3229,3
3230,1
3231,1
3232,2
3233,2
3234,2
3235,1
3236,0
3237,2
3238,1
3239,1
3240,0
3241,2
3242,1
3243,1
3244,1
3245,1
3246,2
3247,0
3248,1
3249,0
3250,2
3251,0
3252,1
3253,2
3254,1
3255,2
3256,0
3257,0
3258,2
3259,0
3260,2
3261,1
3262,2
3263,3
3264,1
3265,1
3266,1
3267,3
3268,0
3269,1
3270,1
3271,0
3272,1
3273,0
3274,3
3275,0
3276,1
3277,0
3278,0
3279,0
3280,0
3281,2
3282,0
3283,1
3284,1
3285,2
3286,2
3287,1
3288,0
3289,5
3290,1
3291,3
3292,2
3293,2
3294,4
3295,1
3296,0
3297,2
3298,0
3299,2
3300,0
3301,1
3302,0
3303,1
3304,2
3305,3
3306,2
3307,1
3308,0
3309,1
3310,0
3311,4
3312,3
3313,2
3314,0
3315,2
3316,1
3317,1
3318,0
3319,2
3320,0
3321,2
3322,1
3323,0
3324,0
3325,1
3326,3
3327,2
3328,0
3329,1
3330,2
3331,2
3332,1
3333,2
3334,0
3335,2
3336,2
3337,3
3338,2
3339,0
3340,1
3341,2
3342,1
3343,1
3344,1
3345,0
3346,2
3347,0
3348,3
3349,0
3350,2
3351,2
3352,1
3353,2
3354,0
3355,1
3356,0
3357,2
3358,1
3359,0
3360,0
3361,4
3362,0
3363,0
3364,2
3365,2
3366,1
3367,2
3368,1
3369,0
3370,1
3371,0
3372,2
3373,1
3374,2
3375,1
3376,1
3377,0
3378,1
3379,2
3380,3
3381,0
3382,0
3383,1
3384,1
3385,1
3386,1
3387,2
3388,2
3389,0
3390,0
3391,0
3392,1
3393,2
3394,1
3395,1
3396,0
3397,0
3398,1
3399,1
3400,0
3401,2
3402,2
3403,1
3404,0
3405,0
3406,0
3407,1
3408,1
3409,1
3410,1
3411,2
3412,1
3413,1
3414,1
3415,0
3416,0
3417,1
3418,0
3419,1
3420,2
3421,1
3422,0
3423,0
3424,3
3425,0
3426,2
3427,3
3428,1
3429,1
3430,2
3431,0
3432,3
3433,1
3434,2
3435,1
3436,1
3437,0
3438,0
3439,0
3440,2
3441,2
3442,0
3443,0
3444,0
3445,3
3446,1
3447,0
3448,1
3449,1
3450,1
3451,1
3452,4
3453,2
3454,0
3455,0
3456,1
3457,0
3458,1
3459,2
3460,1
3461,0
3462,0
3463,1
3464,1
3465,2
3466,0
3467,0
3468,1
3469,0
3470,2
3471,0
3472,1
3473,0
3474,1
3475,0
3476,3
3477,2
3478,1
3479,3
3480,2
3481,5
3482,2
3483,1
3484,3
3485,2
3486,2
3487,2
3488,0
3489,1
3490,0
3491,1
3492,3
3493,1
3494,2
3495,1
3496,0
3497,0
3498,2
3499,3
3500,1
3501,2
3502,3
3503,2
3504,0
3505,2
3506,4
3507,2
3508,2
3509,0
3510,1
3511,2
3512,1
3513,3
3514,1
3515,0
3516,0
3517,0
3518,1
3519,0
3520,0
3521,1
3522,0
3523,1
3524,1
3525,2
3526,1
3527,2
3528,1
3529,5
3530,1
3531,2
3532,0
3533,5
3534,0
3535,3
3536,3
3537,0
3538,1
3539,1
3540,2
3541,3
3542,4
3543,0
3544,0
3545,2
3546,3
3547,1
3548,1
3549,2
3550,0
3551,1
3552,3
3553,1
3554,2
3555,0
3556,1
3557,1
3558,0
3559,1
3560,1
3561,1
3562,1
3563,1
3564,3
3565,2
3566,1
3567,3
3568,2
3569,0
3570,0
3571,2
3572,0
3573,0
3574,2
3575,1
3576,1
3577,1
3578,1
3579,1
3580,5
3581,2
3582,1
3583,2
3584,0
3585,2
3586,2
3587,2
3588,0
3589,0
3590,2
3591,1
3592,1
3593,1
3594,0
3595,0
3596,0
3597,0
3598,1
3599,4
3600,1
3601,1
3602,1
3603,0
3604,0
3605,1
3606,0
3607,0
3608,1
3609,1
3610,0
3611,0
3612,1
3613,2
3614,1
3615,1
3616,0
3617,0
3618,3
3619,1
3620,3
3621,1
3622,0
3623,1
3624,0
3625,2
3626,0
3627,1
3628,2
3629,0
3630,1
3631,2
3632,0
3633,1
3634,1
3635,3
3636,1
3637,3
3638,1
3639,1
3640,0
3641,0
3642,0
3643,0
3644,0
3645,1
3646,1
3647,2
3648,0
3649,0
3650,2
3651,0
3652,1
3653,2
3654,0
3655,1
3656,0
3657,0
3658,1
3659,0
3660,1
3661,2
3662,1
3663,2
3664,0
3665,0
3666,1
3667,1
3668,3
3669,7
3670,3
3671,1
3672,1
3673,2
3674,1
3675,2
3676,1
3677,1
3678,2
3679,1
3680,1
3681,0
3682,0
3683,0
3684,3
3685,1
3686,2
3687,0
3688,1
3689,1
3690,1
3691,2
3692,0
3693,1
3694,2
3695,3
3696,2
3697,0
3698,0
3699,1
3700,2
3701,1
3702,1
3703,0
3704,0
3705,2
3706,0
3707,1
3708,0
3709,1
3710,1
3711,0
3712,2
3713,1
3714,4
3715,1
3716,1
3717,1
3718,0
3719,0
3720,0
3721,0
3722,1
3723,1
3724,2
3725,0
3726,0
3727,2
3728,1
3729,1
3730,1
3731,1
3732,1
3733,2
3734,1
3735,0
3736,2
3737,1
3738,3
3739,3
3740,3
3741,3
3742,1
3743,0
3744,1
3745,3
3746,0
3747,0
3748,0
3749,4
3750,1
3751,1
3752,1
3753,1
3754,0
3755,1
3756,0
3757,1
3758,3
3759,1
3760,0
3761,0
3762,2
3763,0
3764,1
3765,3
3766,0
3767,2
3768,0
3769,0
3770,4
3771,1
3772,0
3773,0
3774,1
3775,2
3776,3
3777,0
3778,0
3779,0
3780,1
3781,1
3782,1
3783,1
3784,0
3785,2
3786,3
3787,0
3788,2
3789,3
3790,1
3791,1
3792,0
3793,0
3794,1
3795,2
3796,2
3797,1
3798,3
3799,2
3800,2
3801,0
3802,2
3803,0
3804,0
3805,1
3806,1
3807,2
3808,0
3809,2
3810,1
3811,0
3812,2
3813,1
3814,1
3815,1
3816,2
3817,4
3818,1
3819,1
3820,0
3821,1
3822,3
3823,2
3824,1
3825,4
3826,4
3827,0
3828,0
3829,1
3830,2
3831,0
3832,3
3833,2
3834,1
3835,1
3836,0
3837,1
3838,1
3839,3
3840,0
3841,3
3842,2
3843,1
3844,0
3845,2
3846,1
3847,0
3848,1
3849,2
3850,1
3851,1
3852,1
3853,0
3854,0
3855,1
3856,4
3857,1
3858,1
3859,1
3860,4
3861,0
3862,0
3863,1
3864,0
3865,2
3866,1
3867,1
3868,0
3869,2
3870,0
3871,2
3872,1
3873,0
3874,1
3875,3
3876,0
3877,2
3878,2
3879,2
3880,0
3881,1
3882,1
3883,3
3884,3
3885,0
3886,1
3887,0
3888,2
3889,1
3890,0
3891,0
3892,1
3893,0
3894,1
3895,0
3896,1
3897,0
3898,1
3899,1
3900,2
3901,0
3902,0
3903,2
3904,2
3905,6
3906,1
3907,1
3908,1
3909,2
3910,1
3911,1
3912,1
3913,2
3914,2
3915,0
3916,1
3917,2
3918,1
3919,0
3920,0
3921,3
3922,2
3923,1
3924,2
3925,3
3926,1
3927,1
3928,1
3929,0
3930,1
3931,0
3932,1
3933,0
3934,0
3935,1
3936,1
3937,0
3938,0
3939,2
3940,0
3941,1
3942,0
3943,0
3944,2
3945,0
3946,1
3947,0
3948,2
3949,2
3950,0
3951,0
3952,2
3953,0
3954,1
3955,2
3956,0
3957,0
3958,0
3959,1
3960,1
3961,2
3962,0
3963,1
3964,0
3965,1
3966,0
3967,1
3968,0
3969,0
3970,3
3971,0
3972,2
3973,2
3974,0
3975,1
3976,1
3977,1
3978,1
3979,1
3980,1
3981,1
3982,2
3983,1
3984,0
3985,1
3986,2
3987,0
3988,0
3989,3
3990,0
3991,2
3992,1
3993,1
3994,4
3995,2
3996,2
3997,2
3998,1
3999,0
4000,2
4001,1
4002,4
4003,2
4004,0
4005,2
4006,1
4007,1
4008,0
4009,0
4010,1
4011,1
4012,3
4013,0
4014,2
4015,0
4016,1
4017,1
4018,2
4019,1
4020,0
4021,4
4022,0
4023,2
4024,3
4025,2
4026,0
4027,1
4028,2
4029,2
4030,2
4031,0
4032,1
4033,1
4034,1
4035,0
4036,0
4037,1
4038,1
4039,2
4040,0
4041,0
4042,1
4043,1
4044,1
4045,0
4046,2
4047,1
4048,1
4049,1
4050,2
4051,0
4052,2
4053,3
4054,1
4055,1
4056,1
4057,2
4058,1
4059,0
4060,1
4061,1
4062,2
4063,0
4064,0
4065,1
4066,0
4067,3
4068,2
4069,2
4070,1
4071,0
4072,3
4073,4
4074,0
4075,0
4076,0
4077,1
4078,1
4079,1
4080,1
4081,0
4082,2
4083,1
4084,3
4085,0
4086,1
4087,0
4088,0
4089,1
4090,2
4091,2
4092,0
4093,1
4094,0
4095,3
4096,1
4097,1
4098,2
4099,0
4100,2
4101,1
4102,1
4103,1
4104,2
4105,1
4106,0
4107,1
4108,0
4109,2
4110,2
4111,1
4112,2
4113,0
4114,0
4115,1
4116,0
4117,1
4118,3
4119,3
4120,2
4121,1
4122,2
4123,0
4124,0
4125,0
4126,1
4127,2
4128,2
4129,0
4130,0
4131,0
4132,1
4133,3
4134,2
4135,2
4136,1
4137,1
4138,0
4139,0
4140,0
4141,1
4142,1
4143,0
4144,0
4145,0
4146,0
4147,3
4148,3
4149,2
4150,1
4151,0
4152,3
4153,1
4154,0
4155,1
4156,1
4157,2
4158,0
4159,3
4160,4
4161,1
4162,3
4163,2
4164,2
4165,0
4166,0
4167,0
4168,0
4169,1
4170,1
4171,1
4172,1
4173,1
4174,1
4175,1
4176,0
4177,0
4178,1
4179,0
4180,1
4181,1
4182,2
4183,0
4184,2
4185,1
4186,4
4187,2
4188,0
4189,0
4190,2
4191,0
4192,0
4193,0
4194,3
4195,1
4196,4
4197,1
4198,0
4199,0
4200,1
4201,1
4202,0
4203,2
4204,2
4205,1
4206,0
4207,2
4208,2
4209,2
4210,2
4211,3
4212,4
4213,0
4214,0
4215,2
4216,1
4217,0
4218,0
4219,3
4220,1
4221,1
4222,0
4223,2
4224,0
4225,0
4226,0
4227,2
4228,0
4229,0
4230,1
4231,1
4232,1
4233,0
4234,0
4235,2
4236,1
4237,0
4238,2
4239,2
4240,1
4241,3
4242,2
4243,1
4244,0
4245,0
4246,2
4247,1
4248,3
4249,2
4250,0
4251,4
4252,1
4253,1
4254,3
4255,2
4256,1
4257,4
4258,1
4259,1
4260,3
4261,0
4262,3
4263,2
4264,2
4265,0
4266,1
4267,1
4268,3
4269,0
4270,1
4271,1
4272,2
4273,3
4274,0
4275,1
4276,3
4277,1
4278,3
4279,4
4280,5
4281,3
4282,2
4283,1
4284,1
4285,0
4286,1
4287,1
4288,1
4289,0
4290,2
4291,0
4292,2
4293,0
4294,2
4295,0
4296,2
4297,0
4298,0
4299,1
4300,0
4301,1
4302,1
4303,3
4304,1
4305,2
4306,1
4307,1
4308,1
4309,0
4310,1
4311,1
4312,0
4313,1
4314,3
4315,1
4316,0
4317,2
4318,2
4319,0
4320,1
4321,0
4322,1
4323,1
4324,0
4325,0
4326,1
4327,2
4328,0
4329,1
4330,0
4331,0
4332,1
4333,3
4334,0
4335,0
4336,1
4337,0
4338,0
4339,0
4340,0
4341,1
4342,1
4343,2
4344,0
4345,2
4346,2
4347,1
4348,2
4349,2
4350,2
4351,3
4352,0
4353,2
4354,0
4355,0
4356,2
4357,1
4358,0
4359,1
4360,0
4361,0
4362,1
4363,2
4364,1
4365,0
4366,3
4367,0
4368,1
4369,1
4370,2
4371,1
4372,1
4373,0
4374,0
4375,0
4376,0
4377,2
4378,2
4379,1
4380,0
4381,3
4382,1
4383,0
4384,0
4385,2
4386,1
4387,2
4388,3
4389,1
4390,2
4391,2
4392,1
4393,0
4394,2
4395,1
4396,1
4397,0
4398,0
4399,5
4400,1
4401,1
4402,1
4403,1
4404,1
4405,1
4406,2
4407,0
4408,0
4409,0
4410,0
4411,1
4412,1
4413,0
4414,0
4415,0
4416,2
4417,0
4418,2
4419,1
4420,0
4421,3
4422,0
4423,1
4424,2
4425,0
4426,0
4427,2
4428,2
4429,2
4430,1
4431,2
4432,1
4433,1
4434,3
4435,2
4436,1
4437,0
4438,2
4439,1
4440,0
4441,0
4442,1
4443,2
4444,0
4445,0
4446,1
4447,1
4448,2
4449,3
4450,1
4451,2
4452,3
4453,1
4454,0
4455,1
4456,5
4457,1
4458,0
4459,0
4460,0
4461,2
4462,0
4463,0
4464,1
4465,1
4466,1
4467,1
4468,1
4469,1
4470,1
4471,1
4472,1
4473,1
4474,1
4475,2
4476,0
4477,1
4478,0
4479,0
4480,1
4481,0
4482,1
4483,1
4484,0
4485,1
4486,2
4487,3
4488,0
4489,1
4490,1
4491,0
4492,0
4493,2
4494,1
4495,0
4496,1
4497,0
4498,0
4499,1
4500,2
4501,1
4502,2
4503,1
4504,3
4505,1
4506,2
4507,3
4508,0
4509,1
4510,2
4511,1
4512,1
4513,2
4514,1
4515,1
4516,2
4517,3
4518,4
4519,1
4520,1
4521,1
4522,0
4523,0
4524,1
4525,3
4526,2
4527,0
4528,2
4529,3
4530,0
4531,0
4532,0
4533,4
4534,0
4535,3
4536,4
4537,1
4538,0
4539,1
4540,3
4541,3
4542,1
4543,1
4544,1
4545,0
4546,1
4547,1
4548,2
4549,0
4550,0
4551,1
4552,2
4553,0
4554,0
4555,0
4556,0
4557,1
4558,2
4559,1
4560,3
4561,0
4562,3
4563,2
4564,1
4565,0
4566,1
4567,0
4568,1
4569,0
4570,1
4571,1
4572,1
4573,3
4574,0
4575,1
4576,0
4577,0
4578,1
4579,2
4580,1
4581,0
4582,3
4583,4
4584,1
4585,1
4586,2
4587,1
4588,0
4589,1
4590,1
4591,4
4592,2
4593,2
4594,0
4595,0
4596,0
4597,0
4598,0
4599,1
4600,2
4601,0
4602,3
4603,0
4604,2
4605,1
4606,2
4607,1
4608,3
4609,1
4610,0
4611,1
4612,3
4613,3
4614,0
4615,3
4616,2
4617,3
4618,1
4619,1
4620,2
4621,1
4622,1
4623,0
4624,4
4625,1
4626,2
4627,2
4628,2
4629,1
4630,1
4631,0
4632,1
4633,1
4634,1
4635,2
4636,3
4637,2
4638,1
4639,4
4640,0
4641,2
4642,3
4643,2
4644,4
4645,0
4646,0
4647,1
4648,1
4649,1
4650,3
4651,2
4652,2
4653,2
4654,0
4655,2
4656,0
4657,1
4658,0
4659,1
4660,1
4661,0
4662,2
4663,0
4664,1
4665,1
4666,0
4667,1
4668,1
4669,1
4670,1
4671,0
4672,0
4673,0
4674,2
4675,2
4676,2
4677,2
4678,2
4679,3
4680,1
4681,2
4682,2
4683,0
4684,2
4685,1
4686,0
4687,1
4688,2
4689,2
4690,1
4691,2
4692,1
4693,0
4694,3
4695,1
4696,2
4697,1
4698,2
4699,0
4700,2
4701,0
4702,1
4703,1
4704,1
4705,1
4706,1
4707,1
4708,0
4709,1
4710,1
4711,1
4712,0
4713,2
4714,2
4715,0
4716,1
4717,3
4718,1
4719,1
4720,2
4721,0
4722,0
4723,2
4724,0
4725,1
4726,1
4727,1
4728,0
4729,1
4730,2
4731,1
4732,2
4733,3
4734,2
4735,3
4736,0
4737,1
4738,2
4739,1
4740,1
4741,1
4742,0
4743,0
4744,1
4745,3
4746,1
4747,0
4748,5
4749,0
4750,1
4751,2
4752,1
4753,0
4754,2
4755,2
4756,0
4757,2
4758,0
4759,1
4760,1
4761,2
4762,1
4763,1
4764,0
4765,2
4766,1
4767,0
4768,0
4769,2
4770,0
4771,0
4772,0
4773,1
4774,0
4775,1
4776,2
4777,0
4778,2
4779,0
4780,1
4781,0
4782,0
4783,0
4784,1
4785,2
4786,3
4787,2
4788,1
4789,1
4790,0
4791,0
4792,1
4793,2
4794,2
4795,0
4796,1
4797,1
4798,1
4799,3
4800,2
4801,1
4802,2
4803,1
4804,3
4805,1
4806,0
4807,4
4808,2
4809,1
4810,3
4811,1
4812,0
4813,0
4814,1
4815,1
4816,0
4817,1
4818,0
4819,0
4820,0
4821,1
4822,1
4823,0
4824,1
4825,1
4826,2
4827,0
4828,1
4829,0
4830,0
4831,4
4832,1
4833,2
4834,2
4835,2
4836,1
4837,0
4838,1
4839,0
4840,0
4841,1
4842,1
4843,1
4844,1
4845,1
4846,0
4847,0
4848,1
4849,1
4850,6
4851,1
4852,2
4853,0
4854,4
4855,0
4856,1
4857,0
4858,0
4859,0
4860,1
4861,3
4862,2
4863,0
4864,2
4865,0
4866,0
4867,0
4868,1
4869,0
4870,2
4871,0
4872,1
4873,2
4874,4
4875,4
4876,2
4877,0
4878,0
4879,2
4880,2
4881,0
4882,2
4883,2
4884,2
4885,1
4886,0
4887,1
4888,0
4889,1
4890,2
4891,1
4892,1
4893,1
4894,2
4895,1
4896,0
4897,1
4898,1
4899,0
4900,2
4901,3
4902,3
4903,1
4904,2
4905,0
4906,2
4907,0
4908,2
4909,2
4910,0
4911,1
4912,2
4913,1
4914,2
4915,2
4916,1
4917,2
4918,2
4919,1
4920,0
4921,0
4922,2
4923,0
4924,1
4925,1
4926,1
4927,0
4928,0
4929,0
4930,1
4931,1
4932,2
4933,1
4934,2
4935,1
4936,0
4937,1
4938,0
4939,0
4940,1
4941,3
4942,0
4943,0
4944,1
4945,2
4946,2
4947,1
4948,1
4949,0
4950,0
4951,0
4952,3
4953,0
4954,2
4955,1
4956,1
4957,1
4958,1
4959,1
4960,1
4961,1
4962,0
4963,1
4964,3
4965,0
4966,1
4967,1
4968,1
4969,1
4970,0
4971,1
4972,0
4973,0
4974,3
4975,0
4976,1
4977,1
4978,0
4979,3
4980,1
4981,4
4982,3
4983,1
4984,2
4985,1
4986,1
4987,1
4988,1
4989,0
4990,4
4991,1
4992,1
4993,2
4994,1
4995,0
4996,1
4997,2
4998,0
4999,3
5000,1
