customer_id,usage_hours
1,5.51
2,21.06
3,4.99
4,27.36
5,1.65
6,14.03
7,8.27
8,3.0
9,2.99
10,9.21
11,7.75
12,2.86
13,6.25
14,13.87
15,3.72
16,9.04
17,14.39
18,6.99
19,3.17
20,11.33
21,3.64
22,11.41
23,9.52
24,17.81
25,7.36
26,26.04
27,14.49
28,20.31
29,8.2
30,6.3
31,3.43
32,5.66
33,8.26
34,16.27
35,8.84
36,4.0
37,2.65
38,4.58
39,4.11
40,19.5
41,6.61
42,2.6
43,11.74
44,8.75
45,10.56
46,8.97
47,5.71
48,5.0
49,1.34
50,7.85
51,15.47
52,16.08
53,5.21
54,23.25
55,2.51
56,8.72
57,4.6
58,8.81
59,20.4
60,3.48
61,7.26
62,6.67
63,7.88
64,4.98
65,12.78
66,5.82
67,5.44
68,20.57
69,8.64
70,5.42
71,13.71
72,7.65
73,6.67
74,11.02
75,30.87
76,6.84
77,11.39
78,8.48
79,2.92
80,4.33
81,11.64
82,8.07
83,6.35
84,12.3
85,10.46
86,2.16
87,4.19
88,8.65
89,3.66
90,19.11
91,8.64
92,7.69
93,23.67
94,9.37
95,6.58
96,4.39
97,11.75
98,7.8
99,2.86
100,12.86
101,6.2
102,14.93
103,20.59
104,2.5
105,7.62
106,10.69
107,5.43
108,10.08
109,4.06
110,18.85
111,18.92
112,5.04
113,1.96
114,6.6
115,6.6
116,13.86
117,2.91
118,24.05
119,6.27
120,9.91
121,9.57
122,19.0
123,15.29
124,26.84
125,6.6
126,7.36
127,2.08
128,10.16
129,1.36
130,8.47
131,9.13
132,9.82
133,9.48
134,3.72
135,26.7
136,5.25
137,16.72
138,34.12
139,7.49
140,2.61
141,4.08
142,8.19
143,26.09
144,1.82
145,8.12
146,6.46
147,11.48
148,11.84
149,10.33
150,4.04
151,3.9
152,2.75
153,8.64
154,6.21
155,9.6
156,7.14
157,28.51
158,0.96
159,6.98
160,2.43
161,13.45
162,5.94
163,5.12
164,17.07
165,3.73
166,29.76
167,15.05
168,3.62
169,9.87
170,20.41
171,43.36
172,0.95
173,2.21
174,5.81
175,3.53
176,15.78
177,2.26
178,0.25
179,5.61
180,7.96
181,4.26
182,7.5
183,3.21
184,1.98
185,7.03
186,1.23
187,9.55
188,6.55
189,3.85
190,11.47
191,24.27
192,37.65
193,12.69
194,14.51
195,7.93
196,9.93
197,6.32
198,11.91
199,16.29
200,3.32
201,23.17
202,11.36
203,7.35
204,5.67
205,6.17
206,10.29
207,8.73
208,14.35
209,13.39
210,8.26
211,3.09
212,10.04
213,4.57
214,1.91
215,9.9
216,2.45
217,4.28
218,2.98
219,8.83
220,9.41
221,17.94
222,10.11
223,16.37
224,3.31
225,18.45
226,3.11
227,2.34
228,9.88
229,6.91
230,6.42
231,11.84
232,3.52
233,12.2
234,7.28
235,16.05
236,3.17
237,3.35
238,25.76
239,10.65
240,5.81
241,17.01
242,20.38
243,5.18
244,8.75
245,28.38
246,4.15
247,4.34
248,9.78
249,3.09
250,8.74
251,8.21
252,2.9
253,5.73
254,27.51
255,10.62
256,3.38
257,7.16
258,16.42
259,8.3
260,10.72
261,14.02
262,25.82
263,9.69
264,9.39
265,10.58
266,17.1
267,6.01
268,5.72
269,15.58
270,18.95
271,14.89
272,12.51
273,12.92
274,16.12
275,8.21
276,12.94
277,15.57
278,5.12
279,24.07
280,13.69
281,13.24
282,4.86
283,14.61
284,11.05
285,18.29
286,5.31
287,4.45
288,12.48
289,7.6
290,11.3
291,5.89
292,6.92
293,21.81
294,13.12
295,28.84
296,13.93
297,9.44
298,15.23
299,14.05
300,9.67
301,8.61
302,12.97
303,6.53
304,5.71
305,1.65
306,3.88
307,24.69
308,3.11
309,30.58
310,15.45
311,29.81
312,33.66
313,7.57
314,6.9
315,0.74
316,5.22
317,0.92
318,1.03
319,3.74
320,6.48
321,11.82
322,6.88
323,6.97
324,9.91
325,7.05
326,24.3
327,5.23
328,7.26
329,10.8
330,10.53
331,6.21
332,9.25
333,5.51
334,9.88
335,16.35
336,7.06
337,9.2
338,6.31
339,5.19
340,10.51
341,2.59
342,4.66
343,18.2
344,2.8
345,14.87
346,14.87
347,7.8
348,7.27
349,6.29
350,10.96
351,6.12
352,11.88
353,3.66
354,17.71
355,12.43
356,0.23
357,17.22
358,16.37
359,19.19
360,13.18
361,13.36
362,2.65
363,2.47
364,15.54
365,10.58
366,0.84
367,10.06
368,2.58
369,1.59
370,29.45
371,3.51
372,1.54
373,17.73
374,2.9
375,15.32
376,11.44
377,10.41
378,3.02
379,7.06
380,7.14
381,6.96
382,17.49
383,6.92
384,13.65
385,9.33
386,2.93
387,13.07
388,14.41
389,5.88
390,11.02
391,13.95
392,38.73
393,5.7
394,12.46
395,6.52
396,13.25
397,7.26
398,3.01
399,2.39
400,17.5
401,1.32
402,13.88
403,5.96
404,14.64
405,15.48
406,6.6
407,32.9
408,7.59
409,14.06
410,6.63
411,8.43
412,5.84
413,7.84
414,1.34
415,6.37
416,11.15
417,4.58
418,9.77
419,21.89
420,10.34
421,8.91
422,7.0
423,7.18
424,11.34
425,6.29
426,3.06
427,2.14
428,14.31
429,26.94
430,23.54
431,3.22
432,23.34
433,19.09
434,12.79
435,8.13
436,10.07
437,5.74
438,19.92
439,20.54
440,1.72
441,35.64
442,22.46
443,2.93
444,9.97
445,2.26
446,9.01
447,19.13
448,2.47
449,10.49
450,17.97
451,6.08
452,13.95
453,12.21
454,13.34
455,7.14
456,8.83
457,8.38
458,11.39
459,1.82
460,7.79
461,3.94
462,19.23
463,15.01
464,8.92
465,10.66
466,12.64
467,7.41
468,1.09
469,10.95
470,2.61
471,6.07
472,7.87
473,10.56
474,11.59
475,2.75
476,3.54
477,10.49
478,14.62
479,6.98
480,8.28
481,1.87
482,12.33
483,11.93
484,16.52
485,8.09
486,28.45
487,5.18
488,9.08
489,27.01
490,16.33
491,9.42
492,5.06
493,2.09
494,3.24
495,4.68
496,16.57
497,17.15
498,32.45
499,8.55
500,6.29
501,11.5
502,5.67
503,4.26
504,3.93
505,17.9
506,1.57
507,9.52
508,12.15
509,5.58
510,13.13
511,22.63
512,3.9
513,8.25
514,4.77
515,3.81
516,16.23
517,8.05
518,21.78
519,1.35
520,7.11
521,5.19
522,1.39
523,10.83
524,7.56
525,10.13
526,4.57
527,14.46
528,29.83
529,9.05
530,6.43
531,8.65
532,9.93
533,1.61
534,13.55
535,7.21
536,12.05
537,15.61
538,33.99
539,9.74
540,7.86
541,5.39
542,6.17
543,14.84
544,2.92
545,14.35
546,9.35
547,13.0
548,11.2
549,15.1
550,10.4
551,11.59
552,10.39
553,14.94
554,5.9
555,3.8
556,13.73
557,13.74
558,6.37
559,41.24
560,2.67
561,3.09
562,6.4
563,7.64
564,14.64
565,14.91
566,2.8
567,7.43
568,7.84
569,11.51
570,17.38
571,2.95
572,5.71
573,1.08
574,11.52
575,9.4
576,7.69
577,15.78
578,18.1
579,17.4
580,3.06
581,5.87
582,9.59
583,6.72
584,22.84
585,17.57
586,7.43
587,6.61
588,4.06
589,13.07
590,14.15
591,2.28
592,1.99
593,3.07
594,20.4
595,17.17
596,9.75
597,10.21
598,2.08
599,28.39
600,19.77
601,7.34
602,11.16
603,5.87
604,7.87
605,3.12
606,8.16
607,4.28
608,7.41
609,14.31
610,3.57
611,5.34
612,0.95
613,4.15
614,16.59
615,15.34
616,7.74
617,10.57
618,1.55
619,3.87
620,3.21
621,13.96
622,4.67
623,7.09
624,20.75
625,4.51
626,1.03
627,17.95
628,3.8
629,24.12
630,7.33
631,2.77
632,12.35
633,12.35
634,15.6
635,4.29
636,5.4
637,4.19
638,11.61
639,5.13
640,10.3
641,2.2
642,10.34
643,9.76
644,4.23
645,9.71
646,2.14
647,5.61
648,3.32
649,9.17
650,6.18
651,13.2
652,3.74
653,4.98
654,2.83
655,25.23
656,0.6
657,20.23
658,20.85
659,5.96
660,4.59
661,7.56
662,3.4
663,6.03
664,16.12
665,1.74
666,12.6
667,7.22
668,31.69
669,8.24
670,3.84
671,5.67
672,5.97
673,20.17
674,7.64
675,9.5
676,5.95
677,3.42
678,1.85
679,21.16
680,9.82
681,6.13
682,8.17
683,8.84
684,14.56
685,3.17
686,16.84
687,5.67
688,9.48
689,2.69
690,2.63
691,2.62
692,1.34
693,10.41
694,7.8
695,6.35
696,2.97
697,21.77
698,0.91
699,12.78
700,2.94
701,12.08
702,17.92
703,4.41
704,2.27
705,2.68
706,7.98
707,7.99
708,4.1
709,30.9
710,11.21
711,3.96
712,12.42
713,2.57
714,29.54
715,6.79
716,5.28
717,14.24
718,5.51
719,11.18
720,14.45
721,5.46
722,14.15
723,7.5
724,11.53
725,9.81
726,21.61
727,2.2
728,9.47
729,2.94
730,20.26
731,5.64
732,8.32
733,3.29
734,6.24
735,1.91
736,0.72
737,11.84
738,6.14
739,8.62
740,7.64
741,5.46
742,12.3
743,19.14
744,3.07
745,11.1
746,7.81
747,15.26
748,1.67
749,2.47
750,7.89
751,16.02
752,15.55
753,12.21
754,8.31
755,9.86
756,6.86
757,10.86
758,9.91
759,11.81
760,20.0
761,1.72
762,4.26
763,9.11
764,9.28
765,7.6
766,7.5
767,29.92
768,11.61
769,0.93
770,3.59
771,20.66
772,2.23
773,7.22
774,16.06
775,7.23
776,15.99
777,9.82
778,10.64
779,1.89
780,6.63
781,4.23
782,10.31
783,28.06
784,12.66
785,15.41
786,4.78
787,13.74
788,2.11
789,7.04
790,14.78
791,8.93
792,14.64
793,23.86
794,12.28
795,7.37
796,4.76
797,5.44
798,7.63
799,13.49
800,16.94
801,3.83
802,8.0
803,3.51
804,9.94
805,15.5
806,15.64
807,4.62
808,4.83
809,8.17
810,7.13
811,14.56
812,8.35
813,10.91
814,8.44
815,7.86
816,3.31
817,7.08
818,5.52
819,30.1
820,26.73
821,10.57
822,10.52
823,8.24
824,8.53
825,11.05
826,17.57
827,19.08
828,8.11
829,18.14
830,1.92
831,2.17
832,7.95
833,3.18
834,11.39
835,11.82
836,3.48
837,34.38
838,19.05
839,4.74
840,1.83
841,5.88
842,11.79
843,6.6
844,0.63
845,5.89
846,25.42
847,10.78
848,3.37
849,1.95
850,1.57
851,3.14
852,3.56
853,11.17
854,34.64
855,3.9
856,15.94
857,31.53
858,2.43
859,16.19
860,9.22
861,3.29
862,5.77
863,9.74
864,13.85
865,7.93
866,11.45
867,20.1
868,3.3
869,11.83
870,3.44
871,14.32
872,5.82
873,13.56
874,7.6
875,5.24
876,5.49
877,0.52
878,7.42
879,11.49
880,16.87
881,18.46
882,6.75
883,18.62
884,26.48
885,2.49
886,5.01
887,29.65
888,14.78
889,6.43
890,7.57
891,15.98
892,4.02
893,7.75
894,11.79
895,10.07
896,10.82
897,1.89
898,10.3
899,3.93
900,3.63
901,18.57
902,12.34
903,6.28
904,9.56
905,11.3
906,11.14
907,14.1
908,18.23
909,11.42
910,14.24
911,1.42
912,13.8
913,10.36
914,14.25
915,7.01
916,21.16
917,2.51
918,11.92
919,11.93
920,5.89
921,5.97
922,14.7
923,3.11
924,6.89
925,0.72
926,7.13
927,1.95
928,37.5
929,20.61
930,5.08
931,1.99
932,11.71
933,7.2
934,4.99
935,8.38
936,7.59
937,17.25
938,4.09
939,1.33
940,15.25
941,10.34
942,3.36
943,3.4
944,3.26
945,6.9
946,29.59
947,20.59
948,5.56
949,23.54
950,3.43
951,6.41
952,7.2
953,34.4
954,2.3
955,13.47
956,5.62
957,8.09
958,3.6
959,7.5
960,19.6
961,0.68
962,7.98
963,1.18
964,17.62
965,0.95
966,3.08
967,19.42
968,5.9
969,6.35
970,6.86
971,6.99
972,5.16
973,24.47
974,22.45
975,6.42
976,2.12
977,12.34
978,7.76
979,5.82
980,5.65
981,7.16
982,2.59
983,4.55
984,1.31
985,12.97
986,33.82
987,36.05
988,10.23
989,4.08
990,9.97
991,25.63
992,15.19
993,5.9
994,6.16
995,1.26
996,11.23
997,17.67
998,7.01
999,3.81
1000,19.91
1001,19.28
1002,3.95
1003,4.06
1004,17.0
1005,7.11
1006,7.83
1007,10.67
1008,9.72
1009,2.89
1010,3.16
1011,15.16
1012,5.07
1013,17.76
1014,17.62
1015,5.62
1016,7.9
1017,11.94
1018,7.97
1019,9.02
1020,15.57
1021,10.3
1022,3.12
1023,26.21
1024,4.38
1025,5.79
1026,12.19
1027,9.2
1028,0.98
1029,11.81
1030,4.27
1031,5.64
1032,3.46
1033,9.52
1034,4.14
1035,27.1
1036,16.09
1037,17.24
1038,5.78
1039,30.48
1040,7.83
1041,9.25
1042,7.33
1043,9.99
1044,25.94
1045,10.43
1046,2.4
1047,16.13
1048,10.68
1049,4.59
1050,11.88
1051,7.82
1052,6.72
1053,8.14
1054,12.12
1055,8.59
1056,9.7
1057,11.33
1058,7.71
1059,4.8
1060,2.3
1061,18.19
1062,11.74
1063,17.67
1064,9.55
1065,21.03
1066,12.73
1067,5.45
1068,4.5
1069,5.19
1070,10.46
1071,9.92
1072,6.6
1073,3.67
1074,9.62
1075,10.26
1076,16.57
1077,1.27
1078,9.4
1079,3.34
1080,3.89
1081,4.32
1082,1.69
1083,10.3
1084,9.03
1085,5.65
1086,8.94
1087,9.76
1088,6.72
1089,2.52
1090,7.24
1091,1.66
1092,8.99
1093,11.37
1094,4.06
1095,5.44
1096,17.87
1097,13.25
1098,10.2
1099,6.81
1100,2.0
1101,1.57
1102,2.77
1103,2.89
1104,21.46
1105,16.75
1106,1.28
1107,2.66
1108,9.0
1109,9.11
1110,7.46
1111,10.17
1112,16.83
1113,8.74
1114,10.17
1115,12.03
1116,18.44
1117,12.11
1118,4.46
1119,11.31
1120,4.44
1121,14.06
1122,14.64
1123,2.71
1124,3.94
1125,22.72
1126,6.66
1127,11.07
1128,20.92
1129,6.66
1130,8.72
1131,0.97
1132,8.3
1133,5.1
1134,5.17
1135,12.4
1136,19.4
1137,5.21
1138,12.0
1139,1.32
1140,1.68
1141,14.83
1142,3.13
1143,5.89
1144,3.97
1145,4.53
1146,12.43
1147,8.88
1148,30.56
1149,12.38
1150,6.83
1151,8.84
1152,7.68
1153,19.82
1154,4.44
1155,6.66
1156,16.33
1157,3.1
1158,1.87
1159,6.62
1160,7.88
1161,5.97
1162,1.9
1163,8.8
1164,3.03
1165,4.47
1166,2.54
1167,2.6
1168,7.76
1169,11.89
1170,6.76
1171,2.54
1172,3.26
1173,2.28
1174,4.22
1175,4.07
1176,3.36
1177,8.89
1178,22.07
1179,5.18
1180,4.36
1181,7.35
1182,8.74
1183,4.46
1184,12.4
1185,11.68
1186,13.81
1187,8.69
1188,4.58
1189,3.28
1190,6.17
1191,14.62
1192,2.66
1193,7.16
1194,21.87
1195,1.8
1196,2.36
1197,14.95
1198,11.44
1199,20.82
1200,14.36
1201,38.0
1202,4.32
1203,7.21
1204,15.89
1205,9.59
1206,20.14
1207,3.92
1208,21.22
1209,4.51
1210,12.04
1211,9.21
1212,9.23
1213,11.22
1214,0.56
1215,7.54
1216,4.5
1217,7.92
1218,9.2
1219,14.28
1220,2.16
1221,10.97
1222,2.17
1223,13.85
1224,3.29
1225,7.42
1226,4.82
1227,1.76
1228,13.53
1229,8.87
1230,10.11
1231,4.28
1232,6.56
1233,8.65
1234,1.81
1235,1.77
1236,11.63
1237,0.62
1238,10.22
1239,0.91
1240,12.17
1241,10.0
1242,2.18
1243,8.67
1244,11.82
1245,4.61
1246,5.65
1247,5.18
1248,4.28
1249,12.13
1250,12.11
1251,2.3
1252,18.03
1253,7.08
1254,10.48
1255,31.23
1256,6.72
1257,7.54
1258,5.7
1259,2.04
1260,5.07
1261,5.28
1262,0.42
1263,3.77
1264,2.79
1265,5.0
1266,2.85
1267,14.87
1268,5.95
1269,3.55
1270,15.73
1271,10.98
1272,4.85
1273,2.58
1274,20.66
1275,6.02
1276,11.43
1277,13.88
1278,34.21
1279,5.72
1280,5.13
1281,5.47
1282,9.03
1283,13.4
1284,2.97
1285,11.18
1286,5.52
1287,8.45
1288,20.91
1289,13.43
1290,19.85
1291,5.66
1292,22.08
1293,15.52
1294,8.26
1295,20.65
1296,11.02
1297,6.13
1298,5.79
1299,9.93
1300,12.01
1301,14.09
1302,3.34
1303,9.76
1304,5.94
1305,6.22
1306,3.35
1307,3.32
1308,2.0
1309,8.8
1310,18.98
1311,1.27
1312,14.98
1313,13.17
1314,7.82
1315,14.43
1316,15.07
1317,11.75
1318,13.59
1319,9.74
1320,21.31
1321,7.64
1322,12.88
1323,10.4
1324,4.8
1325,5.24
1326,6.36
1327,20.81
1328,6.96
1329,18.9
1330,9.8
1331,10.15
1332,7.87
1333,24.65
1334,7.27
1335,25.75
1336,0.97
1337,4.06
1338,13.36
1339,17.18
1340,13.35
1341,3.68
1342,7.13
1343,3.79
1344,21.08
1345,3.62
1346,14.33
1347,1.74
1348,8.63
1349,18.24
1350,3.8
1351,7.63
1352,5.93
1353,7.06
1354,4.62
1355,9.24
1356,19.39
1357,9.27
1358,13.34
1359,8.84
1360,9.1
1361,23.83
1362,14.35
1363,51.52
1364,9.23
1365,7.19
1366,4.25
1367,7.51
1368,12.33
1369,6.57
1370,11.6
1371,2.31
1372,17.61
1373,3.9
1374,7.19
1375,4.82
1376,13.28
1377,8.62
1378,15.44
1379,12.14
1380,10.86
1381,4.79
1382,15.81
1383,6.68
1384,8.5
1385,16.75
1386,4.38
1387,8.99
1388,10.17
1389,20.34
1390,6.27
1391,3.11
1392,22.53
1393,11.49
1394,15.21
1395,10.86
1396,11.52
1397,10.98
1398,19.67
1399,26.33
1400,6.62
1401,10.43
1402,7.0
1403,1.46
1404,10.28
1405,19.47
1406,8.46
1407,5.17
1408,10.3
1409,11.29
1410,10.01
1411,9.58
1412,8.88
1413,5.61
1414,3.39
1415,7.37
1416,24.65
1417,6.91
1418,2.27
1419,8.0
1420,11.5
1421,12.76
1422,20.35
1423,9.04
1424,11.12
1425,9.73
1426,26.48
1427,34.46
1428,6.13
1429,13.87
1430,24.7
1431,17.82
1432,3.2
1433,11.25
1434,8.85
1435,53.33
1436,14.12
1437,0.71
1438,7.86
1439,5.72
1440,5.97
1441,5.21
1442,16.94
1443,2.23
1444,13.24
1445,11.39
1446,16.32
1447,10.48
1448,2.1
1449,8.85
1450,6.97
1451,15.73
1452,5.13
1453,8.4
1454,11.38
1455,20.06
1456,4.44
1457,18.89
1458,14.1
1459,9.93
1460,3.8
1461,9.61
1462,2.43
1463,11.78
1464,12.44
1465,25.76
1466,10.8
1467,2.82
1468,5.78
1469,3.7
1470,12.53
1471,15.71
1472,2.35
1473,5.56
1474,45.15
1475,5.47
1476,8.75
1477,8.53
1478,7.19
1479,11.04
1480,10.92
1481,9.42
1482,19.96
1483,21.48
1484,14.08
1485,8.46
1486,6.18
1487,7.76
1488,12.42
1489,7.59
1490,21.2
1491,3.54
1492,10.79
1493,3.45
1494,3.94
1495,6.81
1496,4.57
1497,14.75
1498,0.88
1499,5.56
1500,4.35
1501,4.16
1502,13.93
1503,13.54
1504,16.17
1505,18.04
1506,9.73
1507,2.64
1508,5.36
1509,7.78
1510,7.17
1511,14.02
1512,7.7
1513,1.34
1514,13.27
1515,2.53
1516,4.93
1517,5.39
1518,7.81
1519,6.57
1520,6.47
1521,10.07
1522,22.39
1523,1.95
1524,1.61
1525,21.82
1526,15.91
1527,12.88
1528,3.34
1529,7.2
1530,11.29
1531,6.5
1532,0.87
1533,3.28
1534,3.23
1535,5.43
1536,5.78
1537,7.58
1538,11.58
1539,3.28
1540,7.48
1541,7.35
1542,17.14
1543,4.51
1544,4.99
1545,4.22
1546,9.1
1547,7.05
1548,14.94
1549,5.26
1550,10.23
1551,10.82
1552,5.04
1553,4.77
1554,5.65
1555,3.86
1556,15.18
1557,6.61
1558,11.32
1559,8.91
1560,0.79
1561,12.69
1562,2.59
1563,8.31
1564,19.4
1565,12.22
1566,18.27
1567,18.08
1568,10.34
1569,6.99
1570,4.73
1571,16.38
1572,15.06
1573,3.74
1574,3.84
1575,7.28
1576,0.16
1577,2.24
1578,12.9
1579,1.57
1580,11.27
1581,6.4
1582,3.7
1583,13.4
1584,22.88
1585,4.68
1586,19.05
1587,10.04
1588,9.15
1589,21.83
1590,33.32
1591,4.19
1592,11.54
1593,10.37
1594,5.94
1595,6.94
1596,30.43
1597,5.33
1598,3.07
1599,15.51
1600,3.99
1601,22.48
1602,15.8
1603,1.45
1604,19.07
1605,32.79
1606,7.67
1607,1.33
1608,11.68
1609,18.0
1610,7.73
1611,24.69
1612,3.76
1613,14.97
1614,2.19
1615,19.07
1616,3.84
1617,5.99
1618,3.15
1619,10.33
1620,5.22
1621,12.31
1622,5.51
1623,8.93
1624,2.89
1625,8.05
1626,11.72
1627,2.24
1628,11.22
1629,27.86
1630,25.47
1631,2.24
1632,17.04
1633,0.79
1634,10.5
1635,8.12
1636,11.08
1637,13.02
1638,11.31
1639,4.45
1640,1.39
1641,10.95
1642,14.33
1643,4.96
1644,8.22
1645,12.81
1646,0.57
1647,5.52
1648,27.46
1649,8.41
1650,7.03
1651,13.89
1652,8.8
1653,16.26
1654,2.24
1655,3.97
1656,21.82
1657,6.5
1658,4.8
1659,6.47
1660,6.1
1661,18.6
1662,4.14
1663,8.41
1664,20.02
1665,6.52
1666,18.68
1667,5.69
1668,20.23
1669,8.86
1670,5.57
1671,11.82
1672,1.17
1673,40.82
1674,10.07
1675,14.44
1676,2.07
1677,24.88
1678,6.54
1679,3.33
1680,19.27
1681,3.2
1682,8.63
1683,8.75
1684,21.19
1685,20.1
1686,9.93
1687,9.0
1688,3.42
1689,10.23
1690,35.01
1691,7.19
1692,2.86
1693,2.03
1694,3.76
1695,0.73
1696,24.93
1697,37.41
1698,8.77
1699,13.55
1700,13.14
1701,10.3
1702,3.57
1703,10.26
1704,10.24
1705,5.57
1706,12.82
1707,5.69
1708,16.33
1709,10.46
1710,12.88
1711,5.9
1712,17.87
1713,5.57
1714,12.23
1715,3.97
1716,14.82
1717,3.85
1718,26.96
1719,17.83
1720,6.1
1721,8.31
1722,4.37
1723,4.55
1724,8.68
1725,8.14
1726,15.55
1727,3.21
1728,2.6
1729,7.06
1730,9.17
1731,0.83
1732,6.26
1733,11.4
1734,4.25
1735,2.34
1736,16.42
1737,3.54
1738,9.81
1739,8.54
1740,6.74
1741,10.38
1742,14.29
1743,17.71
1744,15.15
1745,10.69
1746,6.46
1747,11.27
1748,1.55
1749,7.24
1750,8.94
1751,27.84
1752,9.65
1753,9.96
1754,9.23
1755,11.14
1756,2.65
1757,8.7
1758,3.59
1759,5.85
1760,5.3
1761,5.28
1762,7.65
1763,19.17
1764,11.28
1765,10.39
1766,10.66
1767,5.96
1768,9.62
1769,0.77
1770,6.23
1771,6.33
1772,5.22
1773,21.61
1774,12.59
1775,25.08
1776,13.51
1777,16.51
1778,16.02
1779,16.13
1780,3.09
1781,3.16
1782,21.22
1783,2.08
1784,13.97
1785,12.24
1786,8.07
1787,22.52
1788,7.11
1789,10.75
1790,2.31
1791,12.63
1792,12.11
1793,1.79
1794,20.25
1795,12.44
1796,14.62
1797,7.89
1798,1.84
1799,6.09
1800,6.13
1801,10.82
1802,1.63
1803,8.18
1804,3.18
1805,7.42
1806,7.36
1807,7.88
1808,10.94
1809,29.5
1810,4.71
1811,30.76
1812,9.53
1813,5.38
1814,11.8
1815,2.28
1816,1.98
1817,2.24
1818,6.43
1819,9.85
1820,2.11
1821,23.21
1822,20.73
1823,7.24
1824,1.82
1825,9.95
1826,1.75
1827,11.04
1828,13.52
1829,10.73
1830,24.88
1831,3.77
1832,6.05
1833,8.11
1834,14.05
1835,13.42
1836,5.63
1837,3.55
1838,4.99
1839,6.77
1840,13.67
1841,8.65
1842,23.73
1843,2.45
1844,22.15
1845,14.57
1846,3.27
1847,7.28
1848,10.89
1849,16.04
1850,3.07
1851,4.41
1852,15.21
1853,5.38
1854,9.53
1855,5.84
1856,18.27
1857,9.45
1858,5.91
1859,5.56
1860,10.37
1861,9.93
1862,6.2
1863,19.07
1864,11.17
1865,3.28
1866,18.41
1867,3.85
1868,4.52
1869,4.11
1870,7.95
1871,6.36
1872,4.73
1873,3.57
1874,21.33
1875,17.83
1876,14.73
1877,9.93
1878,4.92
1879,6.62
1880,6.54
1881,7.09
1882,4.21
1883,16.9
1884,15.35
1885,4.61
1886,5.09
1887,7.2
1888,8.36
1889,9.47
1890,7.95
1891,7.5
1892,0.36
1893,5.86
1894,8.55
1895,6.49
1896,13.1
1897,11.96
1898,9.69
1899,17.27
1900,22.2
1901,24.11
1902,1.61
1903,8.18
1904,18.15
1905,5.19
1906,11.36
1907,7.36
1908,4.5
1909,10.27
1910,2.12
1911,4.45
1912,5.0
1913,16.46
1914,15.57
1915,4.54
1916,24.74
1917,6.09
1918,4.99
1919,0.53
1920,6.58
1921,14.86
1922,7.34
1923,19.13
1924,5.76
1925,8.07
1926,10.46
1927,7.82
1928,0.96
1929,16.02
1930,8.9
1931,24.32
1932,8.58
1933,20.73
1934,7.25
1935,26.55
1936,17.4
1937,11.75
1938,10.83
1939,19.6
1940,6.15
1941,1.86
1942,4.28
1943,6.38
1944,13.99
1945,32.44
1946,15.36
1947,7.6
1948,4.74
1949,24.97
1950,8.91
1951,6.94
1952,7.73
1953,10.93
1954,7.64
1955,4.52
1956,19.61
1957,6.64
1958,9.13
1959,8.18
1960,10.11
1961,2.54
1962,2.6
1963,7.51
1964,32.53
1965,5.45
1966,7.68
1967,3.44
1968,12.0
1969,5.59
1970,2.66
1971,5.12
1972,4.95
1973,13.53
1974,3.66
1975,5.98
1976,7.1
1977,4.09
1978,3.45
1979,6.12
1980,7.12
1981,7.66
1982,2.37
1983,6.85
1984,12.67
1985,14.15
1986,6.83
1987,2.19
1988,5.31
1989,14.6
1990,4.24
1991,8.24
1992,8.97
1993,10.82
1994,1.87
1995,7.8
1996,8.92
1997,4.54
1998,13.62
1999,3.16
2000,14.66
2001,8.56
2002,2.96
2003,7.17
2004,4.14
2005,3.12
2006,9.39
2007,14.95
2008,30.55
2009,2.58
2010,4.5
2011,8.58
2012,16.63
2013,1.06
2014,5.17
2015,5.24
2016,20.98
2017,17.02
2018,4.94
2019,4.76
2020,4.99
2021,7.25
2022,7.62
2023,14.54
2024,0.78
2025,10.43
2026,5.67
2027,12.45
2028,7.1
2029,16.19
2030,4.83
2031,5.5
2032,0.9
2033,6.9
2034,0.81
2035,9.71
2036,14.35
2037,14.89
2038,16.31
2039,27.06
2040,17.43
2041,11.43
2042,7.15
2043,6.54
2044,8.41
2045,14.51
2046,27.74
2047,4.43
2048,15.65
2049,8.8
2050,14.77
2051,17.73
2052,2.97
2053,3.41
2054,11.64
2055,28.32
2056,14.98
2057,4.25
2058,9.5
2059,13.42
2060,4.45
2061,6.46
2062,11.83
2063,3.87
2064,7.45
2065,5.5
2066,11.51
2067,6.73
2068,4.26
2069,5.57
2070,13.97
2071,12.81
2072,10.05
2073,8.72
2074,8.85
2075,6.17
2076,9.82
2077,8.99
2078,6.37
2079,16.58
2080,12.29
2081,6.91
2082,11.12
2083,5.27
2084,19.76
2085,13.37
2086,20.6
2087,2.06
2088,17.81
2089,12.87
2090,4.5
2091,6.09
2092,4.09
2093,4.78
2094,24.34
2095,3.38
2096,12.29
2097,5.48
2098,5.75
2099,2.3
2100,2.92
2101,14.13
2102,21.05
2103,8.0
2104,2.91
2105,7.05
2106,7.49
2107,18.57
2108,12.28
2109,17.25
2110,13.47
2111,7.41
2112,3.53
2113,2.92
2114,26.2
2115,11.32
2116,6.23
2117,9.21
2118,14.83
2119,3.74
2120,9.12
2121,15.15
2122,10.8
2123,6.99
2124,8.59
2125,23.43
2126,2.73
2127,1.51
2128,10.64
2129,16.1
2130,8.44
2131,1.28
2132,15.88
2133,19.68
2134,5.66
2135,9.33
2136,1.84
2137,2.58
2138,10.72
2139,24.49
2140,13.4
2141,4.71
2142,15.41
2143,1.34
2144,0.07
2145,7.54
2146,22.62
2147,27.74
2148,3.59
2149,3.9
2150,1.14
2151,11.34
2152,0.48
2153,5.72
2154,11.12
2155,5.76
2156,15.46
2157,17.53
2158,4.01
2159,9.4
2160,31.19
2161,21.03
2162,4.79
2163,2.55
2164,5.01
2165,13.4
2166,3.67
2167,28.92
2168,3.07
2169,9.31
2170,2.75
2171,1.63
2172,16.56
2173,11.9
2174,11.0
2175,2.57
2176,15.74
2177,6.26
2178,22.65
2179,14.52
2180,6.87
2181,10.34
2182,9.45
2183,13.23
2184,5.78
2185,14.51
2186,4.0
2187,9.12
2188,18.38
2189,12.14
2190,6.49
2191,11.35
2192,7.55
2193,5.99
2194,3.54
2195,21.86
2196,6.58
2197,5.85
2198,11.77
2199,9.85
2200,14.12
2201,10.77
2202,7.54
2203,7.29
2204,22.48
2205,3.95
2206,17.55
2207,27.61
2208,5.35
2209,3.97
2210,9.99
2211,5.72
2212,10.67
2213,2.96
2214,3.78
2215,5.13
2216,3.11
2217,17.56
2218,7.43
2219,5.69
2220,3.59
2221,19.9
2222,6.98
2223,6.33
2224,3.17
2225,3.89
2226,8.93
2227,3.9
2228,3.6
2229,10.57
2230,15.84
2231,5.91
2232,1.34
2233,1.39
2234,8.37
2235,12.06
2236,5.48
2237,29.59
2238,8.55
2239,4.36
2240,3.71
2241,18.94
2242,5.74
2243,4.95
2244,5.47
2245,2.99
2246,15.67
2247,9.24
2248,15.51
2249,18.47
2250,3.51
2251,15.12
2252,7.77
2253,5.86
2254,13.29
2255,1.42
2256,9.75
2257,2.46
2258,7.93
2259,22.94
2260,23.41
2261,17.26
2262,14.94
2263,9.66
2264,4.9
2265,12.23
2266,5.02
2267,1.78
2268,38.82
2269,11.21
2270,22.48
2271,6.03
2272,22.39
2273,8.04
2274,12.76
2275,5.33
2276,3.48
2277,11.54
2278,33.35
2279,22.1
2280,6.79
2281,5.26
2282,11.83
2283,23.21
2284,5.17
2285,11.21
2286,8.38
2287,7.25
2288,10.49
2289,9.76
2290,7.62
2291,3.4
2292,20.7
2293,20.18
2294,2.29
2295,7.31
2296,3.01
2297,8.72
2298,6.36
2299,14.75
2300,4.36
2301,17.42
2302,7.21
2303,9.09
2304,4.12
2305,3.95
2306,2.69
2307,16.0
2308,2.96
2309,4.17
2310,7.98
2311,3.17
2312,14.35
2313,11.26
2314,6.34
2315,17.37
2316,3.04
2317,2.72
2318,11.53
2319,3.04
2320,5.71
2321,35.74
2322,10.87
2323,9.72
2324,51.68
2325,24.31
2326,7.87
2327,13.37
2328,4.84
2329,8.09
2330,13.71
2331,5.47
2332,3.85
2333,15.89
2334,8.84
2335,5.36
2336,10.19
2337,4.61
2338,8.75
2339,9.64
2340,2.68
2341,21.26
2342,6.55
2343,15.61
2344,4.16
2345,14.65
2346,11.79
2347,4.89
2348,3.47
2349,10.7
2350,9.16
2351,6.17
2352,22.0
2353,9.55
2354,7.96
2355,5.34
2356,22.02
2357,17.94
2358,3.98
2359,12.52
2360,12.02
2361,12.38
2362,10.44
2363,1.18
2364,6.38
2365,13.15
2366,7.55
2367,1.87
2368,13.33
2369,9.46
2370,12.14
2371,8.3
2372,11.08
2373,22.86
2374,14.36
2375,29.47
2376,10.54
2377,5.29
2378,9.26
2379,9.38
2380,4.58
2381,6.15
2382,5.26
2383,13.38
2384,16.32
2385,6.36
2386,25.9
2387,5.92
2388,0.87
2389,24.34
2390,1.97
2391,19.87
2392,11.66
2393,17.0
2394,34.99
2395,2.25
2396,10.85
2397,11.4
2398,4.71
2399,8.59
2400,10.94
2401,4.52
2402,0.87
2403,11.35
2404,0.63
2405,3.01
2406,11.52
2407,12.77
2408,21.67
2409,12.5
2410,17.61
2411,6.11
2412,13.14
2413,2.76
2414,9.26
2415,11.09
2416,17.45
2417,1.95
2418,11.43
2419,4.51
2420,7.16
2421,7.84
2422,27.36
2423,12.42
2424,7.54
2425,5.81
2426,4.64
2427,5.07
2428,12.9
2429,5.56
2430,0.8
2431,2.12
2432,10.32
2433,2.52
2434,4.76
2435,13.93
2436,8.32
2437,2.49
2438,16.29
2439,10.91
2440,1.91
2441,1.37
2442,17.24
2443,5.77
2444,5.76
2445,6.04
2446,8.77
2447,3.25
2448,9.59
2449,2.24
2450,15.33
2451,4.42
2452,8.27
2453,3.84
2454,14.74
2455,3.51
2456,6.44
2457,12.23
2458,9.17
2459,1.27
2460,10.34
2461,12.47
2462,4.74
2463,13.38
2464,1.53
2465,1.71
2466,5.07
2467,5.23
2468,13.07
2469,1.64
2470,6.93
2471,13.51
2472,4.25
2473,19.09
2474,9.89
2475,3.27
2476,18.41
2477,11.96
2478,11.83
2479,10.01
2480,4.69
2481,13.51
2482,2.68
2483,2.39
2484,7.78
2485,6.01
2486,12.98
2487,8.27
2488,12.65
2489,10.98
2490,5.52
2491,5.42
2492,14.41
2493,3.28
2494,10.28
2495,7.77
2496,9.0
2497,8.38
2498,14.59
2499,5.18
2500,4.86
2501,7.65
2502,7.61
2503,6.24
2504,8.95
2505,7.21
2506,8.74
2507,35.54
2508,6.39
2509,12.72
2510,7.73
2511,10.8
2512,20.97
2513,9.72
2514,4.58
2515,16.44
2516,5.93
2517,6.15
2518,17.63
2519,12.53
2520,9.27
2521,14.94
2522,2.72
2523,9.03
2524,2.64
2525,21.92
2526,7.82
2527,17.45
2528,4.44
2529,6.23
2530,4.1
2531,4.57
2532,2.74
2533,11.51
2534,3.46
2535,13.13
2536,23.57
2537,9.08
2538,5.38
2539,10.28
2540,3.6
2541,7.24
2542,5.37
2543,7.42
2544,24.74
2545,5.24
2546,11.18
2547,15.95
2548,7.56
2549,12.29
2550,7.83
2551,19.61
2552,7.72
2553,13.35
2554,3.82
2555,2.66
2556,15.52
2557,11.43
2558,6.6
2559,3.49
2560,18.3
2561,11.47
2562,6.69
2563,14.01
2564,5.44
2565,7.37
2566,2.06
2567,8.86
2568,30.76
2569,8.22
2570,10.98
2571,11.93
2572,1.61
2573,7.19
2574,1.05
2575,5.16
2576,5.65
2577,9.08
2578,1.16
2579,24.24
2580,11.77
2581,0.57
2582,2.35
2583,6.08
2584,14.46
2585,6.5
2586,15.63
2587,19.61
2588,6.1
2589,2.55
2590,2.3
2591,4.41
2592,17.95
2593,5.76
2594,7.97
2595,22.56
2596,11.21
2597,1.85
2598,12.85
2599,2.93
2600,7.68
2601,6.83
2602,10.18
2603,6.68
2604,17.01
2605,5.51
2606,8.86
2607,8.2
2608,4.96
2609,6.07
2610,11.85
2611,29.23
2612,18.36
2613,10.87
2614,0.43
2615,10.11
2616,5.83
2617,23.03
2618,5.79
2619,30.13
2620,17.04
2621,6.79
2622,5.37
2623,4.72
2624,4.28
2625,12.4
2626,4.83
2627,1.47
2628,4.68
2629,5.5
2630,19.12
2631,8.98
2632,2.2
2633,2.9
2634,7.16
2635,39.73
2636,4.41
2637,1.28
2638,3.49
2639,2.35
2640,1.49
2641,7.98
2642,4.36
2643,1.27
2644,5.79
2645,12.83
2646,9.81
2647,14.75
2648,13.12
2649,3.41
2650,14.23
2651,10.27
2652,6.53
2653,6.58
2654,20.38
2655,13.94
2656,5.22
2657,4.93
2658,1.67
2659,8.61
2660,9.02
2661,19.23
2662,9.78
2663,5.69
2664,4.21
2665,10.97
2666,20.48
2667,2.13
2668,10.53
2669,13.6
2670,1.75
2671,9.61
2672,4.32
2673,1.73
2674,6.12
2675,0.74
2676,11.47
2677,2.23
2678,19.48
2679,4.59
2680,5.92
2681,3.87
2682,3.55
2683,9.84
2684,14.27
2685,16.64
2686,6.81
2687,18.45
2688,2.9
2689,11.47
2690,7.54
2691,26.92
2692,14.7
2693,8.35
2694,3.0
2695,3.72
2696,6.34
2697,9.12
2698,8.4
2699,3.16
2700,2.84
2701,8.63
2702,7.7
2703,11.55
2704,5.28
2705,3.49
2706,6.22
2707,7.06
2708,0.15
2709,11.08
2710,2.2
2711,22.89
2712,23.49
2713,1.54
2714,6.23
2715,5.0
2716,4.71
2717,10.52
2718,3.03
2719,4.9
2720,3.24
2721,14.17
2722,25.95
2723,5.39
2724,11.31
2725,19.86
2726,5.41
2727,9.96
2728,8.67
2729,11.68
2730,7.0
2731,13.42
2732,2.89
2733,10.9
2734,4.52
2735,5.61
2736,16.74
2737,4.15
2738,7.69
2739,12.91
2740,5.38
2741,12.19
2742,8.46
2743,11.28
2744,13.61
2745,11.98
2746,22.94
2747,8.9
2748,4.24
2749,14.04
2750,9.61
2751,9.27
2752,9.88
2753,8.93
2754,8.32
2755,3.36
2756,13.9
2757,2.87
2758,3.29
2759,9.54
2760,11.98
2761,2.37
2762,8.43
2763,3.61
2764,12.03
2765,6.5
2766,14.85
2767,13.58
2768,14.14
2769,10.4
2770,4.79
2771,12.77
2772,4.46
2773,6.3
2774,12.56
2775,24.77
2776,14.64
2777,10.71
2778,4.95
2779,4.8
2780,11.47
2781,8.95
2782,2.12
2783,7.52
2784,16.42
2785,9.52
2786,4.76
2787,12.78
2788,19.09
2789,14.06
2790,10.74
2791,4.65
2792,6.23
2793,7.25
2794,3.46
2795,8.32
2796,13.34
2797,18.09
2798,0.84
2799,5.85
2800,11.69
2801,8.64
2802,15.71
2803,10.07
2804,16.17
2805,11.47
2806,6.29
2807,6.79
2808,4.96
2809,2.19
2810,21.51
2811,3.51
2812,6.3
2813,12.9
2814,39.54
2815,19.07
2816,11.81
2817,2.46
2818,23.82
2819,25.25
2820,8.98
2821,15.56
2822,6.61
2823,15.03
2824,2.88
2825,9.01
2826,5.75
2827,8.52
2828,17.45
2829,6.75
2830,33.5
2831,31.71
2832,24.02
2833,9.99
2834,34.87
2835,13.89
2836,1.17
2837,1.73
2838,10.62
2839,2.57
2840,24.48
2841,3.05
2842,5.92
2843,2.82
2844,6.26
2845,16.44
2846,10.4
2847,15.66
2848,6.44
2849,6.29
2850,5.58
2851,4.16
2852,3.34
2853,4.53
2854,2.32
2855,13.94
2856,21.25
2857,1.67
2858,9.76
2859,13.61
2860,11.06
2861,0.91
2862,13.84
2863,18.47
2864,10.47
2865,4.26
2866,4.68
2867,1.76
2868,15.39
2869,15.02
2870,9.31
2871,9.38
2872,2.56
2873,4.99
2874,1.3
2875,5.15
2876,10.44
2877,8.41
2878,6.22
2879,34.47
2880,9.22
2881,9.78
2882,3.44
2883,6.46
2884,4.04
2885,16.04
2886,8.97
2887,0.25
2888,8.94
2889,2.22
2890,4.71
2891,1.11
2892,6.27
2893,29.74
2894,5.86
2895,18.76
2896,11.59
2897,4.54
2898,6.48
2899,6.64
2900,2.16
2901,12.18
2902,10.0
2903,3.69
2904,13.64
2905,7.86
2906,3.71
2907,2.66
2908,2.77
2909,15.64
2910,32.18
2911,1.79
2912,6.98
2913,4.27
2914,5.19
2915,13.97
2916,1.36
2917,7.8
2918,7.55
2919,4.39
2920,13.46
2921,10.16
2922,2.26
2923,2.52
2924,18.69
2925,3.92
2926,20.53
2927,5.19
2928,0.71
2929,10.08
2930,8.15
2931,0.71
2932,19.88
2933,17.76
2934,7.69
2935,3.16
2936,1.74
2937,1.87
2938,3.63
2939,3.23
2940,4.9
2941,4.61
2942,4.03
2943,10.33
2944,7.29
2945,5.69
2946,6.37
2947,19.28
2948,15.17
2949,12.84
2950,5.73
2951,5.57
2952,14.45
2953,6.84
2954,21.61
2955,6.36
2956,6.97
2957,10.02
2958,10.15
2959,5.87
2960,10.64
2961,10.42
2962,12.94
2963,7.13
2964,4.49
2965,0.29
2966,27.97
2967,12.89
2968,11.36
2969,8.8
2970,10.44
2971,19.08
2972,9.01
2973,8.78
2974,15.28
2975,3.53
2976,2.29
2977,6.84
2978,3.93
2979,13.05
2980,10.67
2981,19.51
2982,10.57
2983,15.78
2984,18.06
2985,4.5
2986,5.11
2987,3.39
2988,6.12
2989,7.54
2990,15.43
2991,9.58
2992,3.09
2993,26.66
2994,40.06
2995,0.57
2996,11.36
2997,4.17
2998,4.99
2999,11.72
3000,24.78
3001,7.6
3002,11.54
3003,5.53
3004,7.28
3005,14.4
3006,11.27
3007,3.21
3008,5.89
3009,6.17
3010,11.31
3011,5.63
3012,12.97
3013,1.44
3014,18.69
3015,11.22
3016,12.8
3017,5.08
3018,14.04
3019,7.02
3020,7.53
3021,3.7
3022,3.38
3023,3.76
3024,7.24
3025,3.95
3026,7.71
3027,6.73
3028,19.56
3029,6.34
3030,6.12
3031,8.13
3032,6.87
3033,7.12
3034,11.53
3035,8.51
3036,5.33
3037,9.82
3038,11.46
3039,3.08
3040,4.62
3041,1.97
3042,3.37
3043,15.79
3044,26.17
3045,5.49
3046,3.75
3047,14.6
3048,9.17
3049,18.23
3050,5.07
3051,7.16
3052,3.12
3053,7.86
3054,5.62
3055,12.92
3056,8.7
3057,34.25
3058,3.09
3059,31.33
3060,12.26
3061,4.86
3062,4.31
3063,21.65
3064,15.88
3065,16.73
3066,9.19
3067,15.68
3068,10.73
3069,10.98
3070,2.3
3071,2.81
3072,3.52
3073,3.25
3074,0.77
3075,3.63
3076,9.42
3077,19.7
3078,6.24
3079,7.48
3080,9.11
3081,2.34
3082,1.55
3083,13.86
3084,9.86
3085,2.08
3086,22.92
3087,8.54
3088,4.38
3089,5.34
3090,7.64
3091,29.33
3092,12.16
3093,28.44
3094,15.5
3095,12.74
3096,0.7
3097,6.99
3098,2.05
3099,3.85
3100,9.7
3101,6.29
3102,13.96
3103,5.15
3104,4.66
3105,15.86
3106,9.0
3107,5.86
3108,15.08
3109,11.61
3110,30.61
3111,11.71
3112,18.83
3113,22.15
3114,3.66
3115,25.4
3116,7.61
3117,13.93
3118,20.58
3119,17.85
3120,6.56
3121,11.54
3122,4.45
3123,3.65
3124,9.79
3125,10.96
3126,4.57
3127,25.61
3128,11.05
3129,7.65
3130,2.82
3131,5.63
3132,6.32
3133,7.56
3134,9.17
3135,16.46
3136,5.96
3137,4.47
3138,1.98
3139,22.17
3140,12.43
3141,0.07
3142,9.89
3143,24.0
3144,7.6
3145,11.72
3146,3.3
3147,1.64
3148,11.38
3149,9.4
3150,19.95
3151,8.51
3152,9.32
3153,8.46
3154,21.42
3155,19.4
3156,8.1
3157,10.06
3158,4.8
3159,6.51
3160,3.21
3161,14.99
3162,7.0
3163,22.15
3164,6.87
3165,3.12
3166,6.86
3167,4.83
3168,24.28
3169,14.41
3170,21.31
3171,10.67
3172,31.73
3173,6.63
3174,3.63
3175,6.27
3176,16.61
3177,9.5
3178,7.56
3179,5.65
3180,3.5
3181,15.04
3182,4.24
3183,0.58
3184,9.64
3185,11.03
3186,16.96
3187,5.8
3188,13.02
3189,13.41
3190,32.67
3191,6.47
3192,8.03
3193,9.43
3194,21.76
3195,21.96
3196,11.28
3197,7.97
3198,4.34
3199,23.71
3200,15.34
3201,21.52
3202,11.19
3203,3.84
3204,13.18
3205,2.4
3206,1.98
3207,13.15
3208,4.48
3209,9.18
3210,13.97
3211,14.49
3212,5.09
3213,22.59
3214,4.46
3215,29.57
3216,21.8
3217,3.85
3218,2.58
3219,10.58
3220,13.25
3221,15.56
3222,1.3
3223,7.65
3224,6.0
3225,2.88
3226,2.6
3227,2.75
3228,19.47
3229,5.98
3230,6.1
3231,5.89
3232,7.66
3233,8.67
3234,5.81
3235,9.17
3236,12.52
3237,16.85
3238,5.97
3239,2.04
3240,19.81
3241,1.25
3242,7.72
3243,6.01
3244,6.24
3245,7.18
3246,11.26
3247,10.77
3248,13.36
3249,5.55
3250,13.53
3251,10.68
3252,8.06
3253,13.13
3254,21.8
3255,9.65
3256,3.07
3257,5.64
3258,6.43
3259,21.94
3260,5.56
3261,1.44
3262,9.54
3263,2.48
3264,2.13
3265,33.44
3266,2.14
3267,14.84
3268,24.28
3269,2.49
3270,17.52
3271,11.46
3272,10.44
3273,1.68
3274,9.77
3275,12.98
3276,13.39
3277,7.01
3278,12.32
3279,15.23
3280,1.22
3281,12.27
3282,4.61
3283,8.2
3284,14.23
3285,2.88
3286,8.44
3287,10.87
3288,4.65
3289,6.81
3290,4.58
3291,14.89
3292,4.83
3293,19.77
3294,11.96
3295,15.13
3296,6.49
3297,3.48
3298,5.62
3299,0.94
3300,9.87
3301,3.58
3302,2.8
3303,6.35
3304,9.14
3305,21.1
3306,7.95
3307,4.54
3308,13.21
3309,9.51
3310,7.97
3311,17.17
3312,12.22
3313,2.83
3314,11.75
3315,8.53
3316,6.55
3317,3.33
3318,4.57
3319,4.94
3320,0.89
3321,16.28
3322,9.45
3323,12.84
3324,21.74
3325,5.24
3326,4.07
3327,8.56
3328,7.5
3329,10.64
3330,14.15
3331,5.16
3332,1.71
3333,7.85
3334,15.11
3335,10.05
3336,6.25
3337,3.46
3338,16.41
3339,3.91
3340,8.0
3341,8.53
3342,12.89
3343,2.15
3344,16.63
3345,9.19
3346,10.47
3347,6.08
3348,4.33
3349,13.0
3350,13.92
3351,6.27
3352,5.82
3353,6.05
3354,2.07
3355,10.74
3356,6.59
3357,17.49
3358,10.49
3359,9.41
3360,14.47
3361,10.24
3362,2.73
3363,9.17
3364,0.56
3365,2.25
3366,9.45
3367,3.79
3368,20.78
3369,13.22
3370,6.31
3371,4.6
3372,5.3
3373,4.22
3374,19.22
3375,8.81
3376,8.2
3377,10.37
3378,27.97
3379,13.64
3380,11.5
3381,1.83
3382,17.49
3383,14.66
3384,6.01
3385,1.95
3386,1.75
3387,5.14
3388,4.72
3389,10.72
3390,10.71
3391,5.99
3392,5.07
3393,3.45
3394,4.34
3395,10.25
3396,14.71
3397,31.42
3398,19.19
3399,11.89
3400,34.87
3401,7.17
3402,9.3
3403,11.58
3404,2.15
3405,9.81
3406,9.46
3407,4.49
3408,15.17
3409,3.56
3410,13.87
3411,15.23
3412,2.81
3413,18.3
3414,1.91
3415,5.11
3416,10.47
3417,2.51
3418,0.94
3419,17.33
3420,7.51
3421,11.84
3422,5.6
3423,9.55
3424,15.71
3425,9.2
3426,17.3
3427,17.1
3428,17.57
3429,14.4
3430,9.09
3431,10.44
3432,0.82
3433,3.34
3434,17.03
3435,8.57
3436,4.5
3437,2.6
3438,16.77
3439,18.37
3440,11.84
3441,26.41
3442,19.55
3443,11.49
3444,2.92
3445,12.9
3446,10.03
3447,3.55
3448,1.7
3449,2.57
3450,30.51
3451,1.23
3452,18.85
3453,4.87
3454,3.27
3455,4.45
3456,19.82
3457,9.18
3458,18.94
3459,11.81
3460,10.01
3461,6.56
3462,5.49
3463,14.59
3464,2.04
3465,2.51
3466,8.59
3467,12.5
3468,3.84
3469,1.16
3470,20.7
3471,4.84
3472,4.07
3473,6.63
3474,11.21
3475,12.45
3476,25.14
3477,6.17
3478,6.76
3479,1.37
3480,12.62
3481,4.08
3482,6.41
3483,25.63
3484,4.68
3485,13.99
3486,4.37
3487,17.48
3488,15.73
3489,3.48
3490,3.92
3491,23.73
3492,6.4
3493,7.94
3494,7.04
3495,1.16
3496,19.38
3497,1.99
3498,7.98
3499,8.93
3500,9.5
3501,10.02
3502,12.56
3503,19.29
3504,1.52
3505,8.06
3506,7.55
3507,10.14
3508,1.59
3509,14.14
3510,3.41
3511,17.5
3512,8.88
3513,10.31
3514,5.94
3515,15.83
3516,25.5
3517,13.29
3518,5.43
3519,17.38
3520,11.6
3521,5.41
3522,17.53
3523,23.93
3524,18.52
3525,7.2
3526,25.71
3527,15.96
3528,11.47
3529,7.28
3530,25.37
3531,4.14
3532,12.92
3533,1.36
3534,10.83
3535,30.07
3536,12.55
3537,5.08
3538,6.69
3539,9.65
3540,8.19
3541,14.15
3542,6.93
3543,14.91
3544,12.09
3545,2.29
3546,6.91
3547,13.15
3548,1.86
3549,5.13
3550,5.48
3551,16.9
3552,7.77
3553,12.32
3554,54.55
3555,6.49
3556,7.76
3557,12.48
3558,8.45
3559,5.38
3560,5.35
3561,11.06
3562,11.99
3563,5.25
3564,4.64
3565,1.86
3566,11.5
3567,8.43
3568,4.92
3569,18.64
3570,9.47
3571,13.06
3572,13.42
3573,5.79
3574,3.17
3575,6.92
3576,12.76
3577,2.0
3578,23.04
3579,15.77
3580,2.76
3581,6.31
3582,3.51
3583,7.56
3584,4.76
3585,16.14
3586,2.98
3587,9.49
3588,2.66
3589,21.98
3590,5.83
3591,20.87
3592,21.4
3593,4.7
3594,10.83
3595,10.03
3596,4.2
3597,18.52
3598,7.09
3599,1.69
3600,11.5
3601,1.06
3602,7.85
3603,10.22
3604,11.13
3605,6.17
3606,11.13
3607,1.46
3608,12.44
3609,11.73
3610,12.56
3611,8.33
3612,7.5
3613,8.03
3614,8.1
3615,21.31
3616,16.22
3617,4.19
3618,1.63
3619,5.01
3620,12.53
3621,5.7
3622,2.74
3623,13.2
3624,6.02
3625,10.93
3626,8.72
3627,13.52
3628,12.9
3629,1.78
3630,7.9
3631,3.17
3632,5.27
3633,30.68
3634,2.92
3635,0.68
3636,5.15
3637,7.8
3638,14.79
3639,13.23
3640,9.83
3641,9.09
3642,9.91
3643,11.68
3644,9.15
3645,6.6
3646,4.3
3647,6.08
3648,10.91
3649,7.83
3650,9.3
3651,11.69
3652,10.96
3653,0.84
3654,17.24
3655,14.91
3656,5.87
3657,26.86
3658,8.24
3659,6.99
3660,2.32
3661,2.99
3662,8.24
3663,7.05
3664,22.61
3665,2.73
3666,9.76
3667,1.49
3668,5.83
3669,6.22
3670,3.81
3671,3.45
3672,6.9
3673,4.89
3674,24.13
3675,24.1
3676,13.94
3677,14.33
3678,2.01
3679,16.5
3680,0.5
3681,3.0
3682,11.39
3683,3.05
3684,3.54
3685,14.93
3686,40.08
3687,8.22
3688,2.12
3689,17.5
3690,4.82
3691,11.83
3692,14.5
3693,6.51
3694,20.95
3695,1.85
3696,1.86
3697,1.85
3698,1.46
3699,6.86
3700,8.7
3701,7.64
3702,4.86
3703,24.19
3704,7.34
3705,4.49
3706,13.18
3707,24.78
3708,4.22
3709,0.79
3710,7.15
3711,15.44
3712,6.24
3713,9.17
3714,6.3
3715,6.29
3716,15.16
3717,4.76
3718,13.19
3719,32.96
3720,6.76
3721,4.38
3722,8.61
3723,3.77
3724,22.7
3725,8.91
3726,3.69
3727,12.14
3728,10.75
3729,3.86
3730,20.87
3731,9.01
3732,1.53
3733,6.24
3734,24.86
3735,19.9
3736,10.29
3737,6.59
3738,16.48
3739,10.07
3740,12.48
3741,16.42
3742,20.46
3743,2.28
3744,2.86
3745,2.35
3746,13.16
3747,30.55
3748,5.06
3749,8.98
3750,10.95
3751,20.2
3752,6.7
3753,7.24
3754,6.26
3755,20.89
3756,4.58
3757,4.15
3758,1.25
3759,4.55
3760,1.97
3761,7.63
3762,5.67
3763,1.37
3764,17.9
3765,10.19
3766,6.72
3767,6.81
3768,11.62
3769,3.81
3770,0.73
3771,12.55
3772,8.03
3773,6.03
3774,9.68
3775,11.6
3776,7.11
3777,5.23
3778,5.91
3779,14.3
3780,12.75
3781,7.05
3782,14.31
3783,5.06
3784,11.1
3785,18.32
3786,8.16
3787,6.2
3788,5.83
3789,7.25
3790,14.45
3791,15.32
3792,18.29
3793,8.58
3794,24.31
3795,28.39
3796,4.9
3797,7.34
3798,3.62
3799,8.49
3800,9.43
3801,6.45
3802,30.68
3803,2.61
3804,2.83
3805,25.14
3806,1.13
3807,16.58
3808,4.88
3809,14.15
3810,2.01
3811,10.9
3812,6.8
3813,22.58
3814,3.9
3815,9.6
3816,3.1
3817,2.56
3818,17.21
3819,7.96
3820,18.69
3821,4.72
3822,9.13
3823,16.37
3824,18.32
3825,4.83
3826,14.95
3827,14.14
3828,19.02
3829,6.66
3830,11.19
3831,10.52
3832,5.74
3833,13.77
3834,14.87
3835,4.74
3836,21.87
3837,11.81
3838,2.74
3839,4.22
3840,14.17
3841,15.03
3842,21.57
3843,5.54
3844,5.94
3845,29.6
3846,20.47
3847,10.04
3848,8.44
3849,27.41
3850,3.19
3851,7.29
3852,11.11
3853,15.44
3854,4.79
3855,8.25
3856,8.92
3857,39.58
3858,21.58
3859,35.21
3860,6.64
3861,23.5
3862,15.09
3863,9.61
3864,11.97
3865,4.83
3866,1.12
3867,4.53
3868,10.64
3869,10.22
3870,21.98
3871,14.5
3872,17.56
3873,4.6
3874,4.63
3875,3.68
3876,1.86
3877,7.18
3878,6.41
3879,13.28
3880,26.34
3881,1.18
3882,6.16
3883,6.18
3884,7.83
3885,9.19
3886,4.96
3887,11.93
3888,3.21
3889,3.04
3890,16.87
3891,20.68
3892,3.86
3893,4.25
3894,6.06
3895,3.35
3896,13.86
3897,2.45
3898,12.41
3899,13.35
3900,15.53
3901,15.52
3902,21.87
3903,11.52
3904,16.13
3905,1.13
3906,11.39
3907,12.81
3908,16.13
3909,12.73
3910,9.34
3911,3.43
3912,7.67
3913,5.33
3914,22.51
3915,3.17
3916,23.53
3917,24.9
3918,13.22
3919,5.01
3920,5.41
3921,8.85
3922,4.43
3923,8.47
3924,5.75
3925,4.25
3926,14.61
3927,1.49
3928,25.68
3929,9.91
3930,26.85
3931,16.21
3932,1.29
3933,3.76
3934,5.62
3935,4.73
3936,32.59
3937,9.12
3938,10.71
3939,24.44
3940,4.49
3941,1.28
3942,8.7
3943,8.33
3944,5.82
3945,11.17
3946,9.59
3947,7.98
3948,15.02
3949,26.17
3950,4.17
3951,4.19
3952,13.28
3953,6.12
3954,12.3
3955,3.68
3956,30.82
3957,6.77
3958,22.17
3959,13.06
3960,9.49
3961,7.3
3962,5.4
3963,9.43
3964,13.17
3965,5.93
3966,8.91
3967,5.9
3968,9.17
3969,3.73
3970,2.16
3971,15.42
3972,2.19
3973,7.4
3974,1.67
3975,8.05
3976,2.71
3977,9.27
3978,1.26
3979,15.72
3980,17.6
3981,5.25
3982,42.65
3983,14.27
3984,4.24
3985,5.07
3986,2.16
3987,20.49
3988,10.94
3989,17.08
3990,1.29
3991,3.5
3992,6.27
3993,8.21
3994,13.74
3995,3.41
3996,14.65
3997,12.73
3998,8.73
3999,6.2
4000,6.26
4001,1.52
4002,35.2
4003,3.37
4004,4.53
4005,2.47
4006,3.92
4007,10.21
4008,3.32
4009,16.36
4010,5.5
4011,2.98
4012,1.26
4013,2.03
4014,3.4
4015,14.96
4016,6.78
4017,16.09
4018,5.73
4019,14.96
4020,6.82
4021,11.18
4022,4.38
4023,16.49
4024,14.23
4025,5.16
4026,9.42
4027,4.2
4028,4.33
4029,1.75
4030,10.31
4031,1.77
4032,6.49
4033,3.5
4034,25.47
4035,3.12
4036,13.3
4037,11.84
4038,9.26
4039,9.82
4040,2.65
4041,26.89
4042,16.36
4043,7.08
4044,9.26
4045,24.59
4046,18.56
4047,13.16
4048,4.65
4049,11.33
4050,2.47
4051,4.36
4052,13.68
4053,26.02
4054,6.35
4055,9.64
4056,2.03
4057,2.68
4058,3.76
4059,10.38
4060,18.09
4061,7.39
4062,4.4
4063,5.92
4064,31.12
4065,4.72
4066,17.35
4067,8.96
4068,3.77
4069,6.23
4070,10.74
4071,15.59
4072,5.84
4073,1.17
4074,2.6
4075,12.72
4076,5.84
4077,9.24
4078,5.82
4079,6.81
4080,3.33
4081,5.65
4082,1.68
4083,10.08
4084,25.25
4085,6.94
4086,16.96
4087,20.81
4088,7.69
4089,21.54
4090,3.45
4091,4.0
4092,24.75
4093,7.68
4094,4.29
4095,2.27
4096,11.12
4097,9.62
4098,16.04
4099,16.94
4100,6.16
4101,9.52
4102,17.7
4103,24.41
4104,2.07
4105,5.04
4106,5.18
4107,18.58
4108,13.57
4109,8.17
4110,10.64
4111,6.05
4112,9.35
4113,4.61
4114,3.38
4115,7.59
4116,14.5
4117,9.9
4118,20.76
4119,8.22
4120,0.79
4121,6.3
4122,0.8
4123,11.22
4124,5.71
4125,7.48
4126,19.39
4127,10.46
4128,4.94
4129,11.14
4130,14.24
4131,4.84
4132,12.51
4133,6.93
4134,4.97
4135,8.92
4136,3.82
4137,12.35
4138,4.11
4139,16.85
4140,9.73
4141,17.14
4142,6.2
4143,5.75
4144,13.44
4145,6.27
4146,7.19
4147,7.21
4148,1.34
4149,23.66
4150,11.2
4151,15.0
4152,9.79
4153,10.15
4154,8.48
4155,2.35
4156,12.32
4157,9.91
4158,2.6
4159,13.02
4160,22.06
4161,10.23
4162,22.59
4163,2.3
4164,12.27
4165,17.09
4166,7.54
4167,2.52
4168,17.12
4169,13.56
4170,4.06
4171,4.46
4172,8.97
4173,47.19
4174,4.56
4175,12.19
4176,4.56
4177,9.26
4178,3.59
4179,6.86
4180,21.07
4181,11.44
4182,0.42
4183,15.56
4184,14.09
4185,4.63
4186,7.31
4187,3.4
4188,11.27
4189,8.01
4190,2.32
4191,11.27
4192,3.66
4193,10.91
4194,6.37
4195,4.49
4196,1.94
4197,0.48
4198,6.35
4199,18.72
4200,5.99
4201,12.84
4202,7.65
4203,20.5
4204,5.94
4205,24.13
4206,9.95
4207,8.06
4208,2.69
4209,13.72
4210,9.67
4211,5.4
4212,16.74
4213,8.25
4214,9.75
4215,2.31
4216,7.34
4217,4.34
4218,3.06
4219,6.92
4220,16.93
4221,7.68
4222,20.31
4223,1.71
4224,2.04
4225,13.07
4226,19.77
4227,1.47
4228,6.55
4229,19.98
4230,2.46
4231,4.26
4232,11.25
4233,8.99
4234,3.07
4235,0.62
4236,8.92
4237,1.64
4238,16.3
4239,4.85
4240,10.16
4241,12.16
4242,16.64
4243,15.79
4244,5.39
4245,9.29
4246,35.17
4247,28.11
4248,14.41
4249,14.43
4250,4.34
4251,8.24
4252,12.8
4253,6.79
4254,4.01
4255,21.86
4256,31.86
4257,10.96
4258,11.16
4259,9.65
4260,18.19
4261,2.17
4262,5.11
4263,12.52
4264,7.49
4265,12.19
4266,3.43
4267,12.43
4268,11.68
4269,8.98
4270,4.62
4271,13.39
4272,4.86
4273,6.37
4274,12.35
4275,12.45
4276,3.84
4277,1.42
4278,7.48
4279,10.26
4280,5.64
4281,13.37
4282,9.59
4283,4.42
4284,11.56
4285,44.72
4286,13.91
4287,3.22
4288,4.09
4289,7.7
4290,1.12
4291,8.92
4292,7.46
4293,3.03
4294,15.57
4295,6.63
4296,0.94
4297,5.03
4298,4.67
4299,7.45
4300,16.84
4301,9.67
4302,2.46
4303,5.18
4304,7.64
4305,9.04
4306,12.04
4307,10.83
4308,10.86
4309,9.76
4310,9.94
4311,10.65
4312,3.81
4313,4.01
4314,18.09
4315,9.68
4316,11.17
4317,5.92
4318,20.25
4319,7.36
4320,16.11
4321,9.75
4322,3.43
4323,12.41
4324,7.71
4325,4.09
4326,14.3
4327,3.41
4328,11.32
4329,19.45
4330,9.87
4331,14.61
4332,15.93
4333,22.13
4334,4.71
4335,17.39
4336,11.2
4337,8.51
4338,3.67
4339,7.96
4340,15.14
4341,10.1
4342,8.93
4343,8.73
4344,7.62
4345,10.73
4346,9.46
4347,6.21
4348,5.93
4349,6.16
4350,4.56
4351,4.04
4352,6.46
4353,9.92
4354,17.12
4355,3.64
4356,6.48
4357,9.26
4358,10.91
4359,16.95
4360,12.02
4361,10.81
4362,3.16
4363,18.66
4364,8.53
4365,27.16
4366,4.83
4367,5.73
4368,19.31
4369,5.2
4370,6.73
4371,9.12
4372,6.69
4373,23.51
4374,12.1
4375,5.69
4376,17.53
4377,11.98
4378,17.25
4379,6.28
4380,24.62
4381,5.2
4382,2.77
4383,17.95
4384,6.3
4385,3.26
4386,22.5
4387,13.07
4388,15.46
4389,14.56
4390,3.46
4391,6.5
4392,8.57
4393,37.93
4394,3.28
4395,1.95
4396,23.51
4397,12.56
4398,13.9
4399,3.22
4400,13.04
4401,4.12
4402,1.6
4403,13.9
4404,5.57
4405,5.59
4406,9.26
4407,4.35
4408,12.15
4409,12.19
4410,17.93
4411,10.83
4412,5.98
4413,9.6
4414,2.55
4415,5.83
4416,15.24
4417,3.04
4418,7.4
4419,25.85
4420,6.57
4421,12.42
4422,9.67
4423,11.55
4424,2.12
4425,7.58
4426,9.93
4427,5.83
4428,2.6
4429,8.37
4430,74.02
4431,4.07
4432,7.45
4433,19.42
4434,16.24
4435,14.56
4436,7.27
4437,4.91
4438,25.08
4439,13.27
4440,5.41
4441,7.05
4442,12.13
4443,10.37
4444,2.7
4445,7.71
4446,1.03
4447,3.41
4448,21.03
4449,14.2
4450,12.95
4451,7.8
4452,19.93
4453,7.0
4454,14.77
4455,5.5
4456,0.98
4457,4.53
4458,7.78
4459,16.44
4460,5.31
4461,7.88
4462,16.37
4463,6.27
4464,8.52
4465,8.11
4466,10.57
4467,5.67
4468,8.73
4469,11.26
4470,11.48
4471,0.9
4472,20.72
4473,11.39
4474,3.13
4475,4.55
4476,4.63
4477,4.89
4478,16.27
4479,17.32
4480,13.11
4481,3.13
4482,6.13
4483,4.2
4484,4.58
4485,5.5
4486,4.52
4487,4.8
4488,10.05
4489,6.45
4490,20.37
4491,1.33
4492,9.04
4493,6.22
4494,17.08
4495,8.89
4496,5.9
4497,7.93
4498,1.36
4499,4.58
4500,22.86
4501,15.36
4502,9.53
4503,4.97
4504,9.52
4505,9.93
4506,16.31
4507,0.61
4508,2.09
4509,9.95
4510,10.67
4511,13.52
4512,7.14
4513,9.14
4514,15.02
4515,21.83
4516,3.35
4517,4.22
4518,5.41
4519,6.52
4520,12.98
4521,4.21
4522,2.51
4523,5.58
4524,12.11
4525,10.27
4526,49.36
4527,17.73
4528,8.0
4529,10.06
4530,1.36
4531,5.61
4532,10.1
4533,16.13
4534,7.24
4535,10.53
4536,17.15
4537,5.74
4538,5.14
4539,15.27
4540,1.02
4541,9.16
4542,7.2
4543,18.92
4544,7.04
4545,4.1
4546,4.37
4547,12.21
4548,8.04
4549,5.36
4550,11.92
4551,10.62
4552,10.31
4553,14.72
4554,12.96
4555,20.32
4556,16.44
4557,11.34
4558,16.53
4559,9.18
4560,11.86
4561,7.22
4562,8.63
4563,5.97
4564,7.17
4565,10.8
4566,2.5
4567,3.09
4568,2.92
4569,7.05
4570,15.97
4571,12.94
4572,5.3
4573,9.23
4574,7.91
4575,25.78
4576,9.5
4577,1.65
4578,4.69
4579,1.82
4580,4.87
4581,13.72
4582,10.4
4583,6.87
4584,14.62
4585,9.76
4586,21.5
4587,6.74
4588,2.33
4589,9.1
4590,13.31
4591,9.31
4592,19.26
4593,7.32
4594,2.87
4595,4.37
4596,1.57
4597,11.08
4598,10.24
4599,14.58
4600,1.39
4601,9.2
4602,3.83
4603,1.7
4604,12.76
4605,19.92
4606,1.68
4607,14.12
4608,5.34
4609,8.7
4610,14.02
4611,3.89
4612,9.74
4613,7.79
4614,7.07
4615,3.17
4616,16.12
4617,12.75
4618,21.94
4619,7.07
4620,16.97
4621,9.84
4622,1.93
4623,6.84
4624,21.13
4625,13.32
4626,16.44
4627,3.03
4628,5.22
4629,6.79
4630,12.17
4631,18.47
4632,6.27
4633,4.58
4634,6.49
4635,1.55
4636,6.29
4637,4.36
4638,11.64
4639,12.97
4640,10.87
4641,6.46
4642,2.05
4643,3.3
4644,1.18
4645,10.41
4646,6.23
4647,19.98
4648,15.76
4649,9.9
4650,4.96
4651,19.04
4652,4.52
4653,5.51
4654,5.46
4655,18.9
4656,7.18
4657,5.34
4658,14.35
4659,6.85
4660,4.42
4661,8.04
4662,5.81
4663,22.93
4664,5.11
4665,1.4
4666,22.53
4667,10.4
4668,12.9
4669,16.06
4670,12.8
4671,11.97
4672,1.53
4673,16.55
4674,6.35
4675,30.9
4676,29.25
4677,8.49
4678,29.33
4679,8.87
4680,12.91
4681,9.75
4682,4.79
4683,9.72
4684,5.73
4685,7.96
4686,24.64
4687,11.25
4688,18.98
4689,9.17
4690,11.25
4691,14.55
4692,2.19
4693,4.49
4694,16.32
4695,11.03
4696,2.64
4697,16.52
4698,18.69
4699,1.0
4700,15.23
4701,14.29
4702,21.27
4703,15.93
4704,25.11
4705,4.2
4706,6.24
4707,22.25
4708,5.37
4709,37.03
4710,1.64
4711,1.52
4712,3.0
4713,8.97
4714,18.44
4715,12.54
4716,11.73
4717,7.58
4718,1.81
4719,2.35
4720,1.34
4721,4.49
4722,3.32
4723,8.97
4724,6.58
4725,4.61
4726,6.98
4727,7.85
4728,2.15
4729,6.34
4730,4.28
4731,4.15
4732,8.64
4733,18.28
4734,8.77
4735,35.6
4736,9.71
4737,17.92
4738,2.92
4739,3.21
4740,9.07
4741,4.97
4742,16.88
4743,11.57
4744,8.73
4745,7.52
4746,9.41
4747,5.93
4748,4.18
4749,13.05
4750,4.07
4751,10.03
4752,28.76
4753,20.44
4754,5.17
4755,6.21
4756,23.4
4757,7.69
4758,18.96
4759,8.49
4760,10.88
4761,8.1
4762,9.22
4763,23.97
4764,0.6
4765,13.59
4766,9.37
4767,19.11
4768,10.06
4769,12.79
4770,8.05
4771,35.92
4772,3.73
4773,14.89
4774,13.52
4775,4.92
4776,4.41
4777,8.09
4778,5.82
4779,8.86
4780,10.71
4781,4.35
4782,13.86
4783,6.01
4784,7.77
4785,0.62
4786,26.02
4787,5.45
4788,4.18
4789,1.16
4790,6.31
4791,4.18
4792,18.62
4793,7.35
4794,6.61
4795,5.25
4796,3.67
4797,6.1
4798,19.53
4799,3.3
4800,4.05
4801,2.24
4802,5.97
4803,12.11
4804,5.72
4805,11.05
4806,21.98
4807,7.72
4808,6.75
4809,12.66
4810,5.61
4811,1.3
4812,16.57
4813,11.09
4814,12.17
4815,22.9
4816,20.38
4817,2.91
4818,6.72
4819,1.33
4820,2.05
4821,11.34
4822,28.59
4823,12.13
4824,1.63
4825,0.53
4826,5.46
4827,17.02
4828,5.41
4829,9.87
4830,6.92
4831,2.32
4832,2.37
4833,18.89
4834,12.85
4835,8.79
4836,12.08
4837,10.51
4838,10.13
4839,4.96
4840,5.94
4841,4.5
4842,4.76
4843,6.88
4844,9.19
4845,21.23
4846,9.12
4847,1.29
4848,6.4
4849,6.04
4850,6.08
4851,11.92
4852,4.78
4853,9.72
4854,2.12
4855,12.58
4856,15.0
4857,23.06
4858,3.09
4859,3.29
4860,21.97
4861,12.71
4862,9.06
4863,10.14
4864,6.49
4865,3.08
4866,3.5
4867,6.11
4868,8.51
4869,10.45
4870,5.02
4871,7.66
4872,18.83
4873,4.96
4874,27.97
4875,18.08
4876,12.57
4877,3.52
4878,5.84
4879,18.01
4880,21.93
4881,5.45
4882,13.46
4883,11.91
4884,8.14
4885,22.62
4886,7.59
4887,7.49
4888,0.86
4889,17.2
4890,7.23
4891,6.33
4892,4.05
4893,41.11
4894,23.29
4895,13.97
4896,8.63
4897,0.71
4898,3.57
4899,9.53
4900,2.54
4901,11.41
4902,8.92
4903,9.16
4904,23.07
4905,4.97
4906,2.44
4907,3.37
4908,3.26
4909,33.63
4910,5.19
4911,18.86
4912,5.87
4913,8.44
4914,4.54
4915,16.05
4916,1.6
4917,6.39
4918,18.22
4919,3.66
4920,2.83
4921,9.46
4922,4.09
4923,16.08
4924,8.92
4925,22.01
4926,5.97
4927,11.7
4928,7.2
4929,3.75
4930,15.88
4931,5.95
4932,1.87
4933,9.53
4934,4.8
4935,2.88
4936,8.48
4937,7.51
4938,5.13
4939,9.1
4940,8.18
4941,25.5
4942,17.96
4943,12.3
4944,12.06
4945,10.41
4946,7.8
4947,3.46
4948,3.73
4949,6.85
4950,15.28
4951,6.37
4952,8.14
4953,2.35
4954,15.59
4955,2.66
4956,8.97
4957,5.79
4958,6.77
4959,15.19
4960,5.47
4961,3.66
4962,20.42
4963,2.79
4964,8.07
4965,6.42
4966,6.05
4967,9.77
4968,6.56
4969,7.33
4970,6.04
4971,6.2
4972,13.7
4973,20.13
4974,7.27
4975,7.12
4976,19.13
4977,5.5
4978,8.63
4979,8.33
4980,4.05
4981,6.29
4982,1.35
4983,7.97
4984,4.58
4985,4.81
4986,15.06
4987,16.02
4988,5.77
4989,3.4
4990,13.24
4991,3.93
4992,6.81
4993,0.54
4994,7.82
4995,14.01
4996,13.92
4997,19.82
4998,3.49
4999,1.6
5000,2.71
